Temperature,Humidity,Light,CO2,Noise,Motion,Pressure,Vibration,Label
22.94392977,37.97254414,320.7701357,369.1767099,34.6236479,0,1017.80118,0.001908364,0
25.52822143,41.58234504,242.7021228,396.7400408,38.78437113,1,997.8570347,0.002241871,0
23.27344852,42.29802594,305.8976049,367.5140928,34.86073931,1,1011.023377,0.002110472,0
23.63263957,40.54661118,288.1566618,384.868835,35.30893711,1,1011.51451,0.001709214,0
25.95354897,38.19932938,345.119789,435.4885498,34.97468876,1,1008.095827,0.001482893,0
24.6272586,40.80167399,293.9983426,434.9442267,35.54633557,1,1015.802411,0.002523541,0
24.41297201,40.0548504,327.0379347,407.529438,37.29210724,1,1009.666782,0.002454958,0
24.49516852,42.11558857,283.1464531,441.0251893,35.42084395,1,1016.446094,0.0022965,0
22.91672098,36.80583376,276.7557266,407.2074565,34.76322096,1,1016.768238,0.001543251,0
23.07000485,36.91445782,255.8799997,398.3050504,34.47844893,1,1006.101645,0.002200055,0
24.11360615,43.97406542,287.4561804,410.2894479,35.64215422,1,1010.229032,0.002861764,0
22.94888196,35.92703365,281.5016975,399.0767948,36.16336884,1,1012.354431,0.001610158,0
24.60998056,38.44796283,318.7140378,409.5011553,31.88338222,1,1012.635588,0.001852652,0
23.47591252,38.26632451,306.1834839,415.5765115,33.63088245,1,1005.132741,0.001811276,0
22.9354559,40.11690944,287.6765572,431.1515281,38.70491446,1,1006.275079,0.001288718,0
25.15203507,38.60096821,330.0494526,403.6060372,35.58324225,0,1007.712247,0.002437235,0
24.51237665,39.44615539,310.9191392,415.0547273,38.47619327,1,1017.693718,0.002167454,0
24.57000545,38.06395116,289.1115869,399.1433229,33.05995186,0,1007.425372,0.001297519,0
24.67342805,40.59592398,305.0126249,405.7929257,33.22093699,0,1010.063767,0.001475928,0
24.70815628,40.91783564,334.8747325,407.4505508,31.68432694,1,1010.657574,0.002621855,0
25.08941122,37.29115099,298.0632767,402.2735615,32.60003978,1,1013.354497,0.001936418,0
24.34967949,40.45457342,289.0905954,407.8210736,32.92098526,0,1004.947608,0.002275693,0
24.19095956,44.67297528,302.1608604,401.2148213,34.85369016,1,1007.725785,0.002616149,0
23.41323043,43.19108426,306.8462275,378.0765908,36.50130787,1,1007.863317,0.001824825,0
24.01753495,39.70375211,276.7565822,387.5535083,32.50352984,1,1019.36744,0.00237779,0
26.19104414,41.8498144,288.5275126,362.1968369,37.58895582,1,1020.272351,0.00242252,0
24.88469632,38.00202497,284.5582972,394.5453807,33.81502449,1,1008.343938,0.002414449,0
24.3705014,41.00039716,305.0988457,399.3898979,33.32500723,0,1016.580209,0.002288599,0
23.89758764,40.74011149,350.9447333,394.5446595,35.65361799,0,1010.456675,0.001519733,0
23.95425676,41.66278167,279.6546952,381.9979903,33.49881974,0,1016.518782,0.001078343,0
22.81393432,46.00155483,298.1904774,373.5384498,35.50703246,0,1020.377073,0.001890471,0
24.5144217,42.59549456,278.0647515,387.020579,36.51263688,1,1009.657826,0.002533308,0
24.13160664,41.48165727,292.3145271,407.0306504,35.4847077,0,1010.015539,0.00183275,0
23.81705924,40.90417026,332.8563667,383.5087948,35.28218236,1,1010.828331,0.001585666,0
23.31588289,42.34938935,277.5305136,414.1400366,34.62392572,1,1010.655034,0.001669737,0
22.73653321,38.92203002,286.0126025,394.7382199,37.90381416,0,1013.471585,0.002079372,0
25.75905853,39.49652884,328.1617967,414.3316235,38.90352562,0,1012.418042,0.001599571,0
23.84127232,40.77646723,294.5560952,376.1358105,32.15760042,1,1013.566118,0.001326284,0
25.56621236,40.73060559,295.9794882,406.9313964,36.12148448,0,1019.060619,0.001874331,0
25.84092751,38.73107776,261.0881083,411.3536661,34.40489764,0,1008.391979,0.002539828,0
22.23477626,40.43883681,303.8961743,411.7959474,33.95130745,0,1011.135846,0.003028506,0
24.00080327,39.10258397,337.5299019,391.9450182,34.34203591,0,1011.507817,0.001997573,0
24.0709878,40.32388179,284.9156647,400.0840359,32.8982034,0,1009.481985,0.002443637,0
24.61493314,40.65380601,315.0972796,390.2821522,35.75254387,1,1016.746402,0.00227216,0
23.98698295,39.06319316,284.3212422,389.404312,36.34887984,1,1011.013051,0.002231832,0
24.28622836,41.05018762,302.4676525,437.3649347,34.40120211,0,1007.568205,0.002313302,0
24.10931639,42.13443462,318.6185667,394.1145674,33.21209108,0,1014.746668,0.00171009,0
24.76375126,39.59842221,286.1589209,414.2887427,33.2448633,1,1007.803308,0.00180013,0
24.57650619,43.39433176,284.8550083,426.5657328,35.51334466,1,1008.461522,0.002317871,0
25.27676788,41.89613518,277.5464088,425.971462,36.3956513,0,1017.746037,0.001600451,0
25.25991599,40.19393482,327.6025795,389.7393054,38.8526617,0,1014.514288,0.002388198,0
24.90215428,40.98194123,290.367576,392.7411704,36.10317604,1,1010.747341,0.003034577,0
25.31695273,40.25125034,302.6585686,404.2231248,37.36757093,0,1007.56267,0.002964914,0
24.81137961,39.97107588,333.1436298,401.0693196,35.25932846,0,1015.90576,0.000907907,0
23.1131241,39.80466157,308.7678112,389.3218949,37.04064376,0,1017.708966,0.002379687,0
22.64357099,38.03665651,309.4412567,402.8218333,37.48772764,1,1018.185666,0.001737653,0
24.926718,41.30465361,286.669575,366.7840395,31.34160308,0,1015.945711,0.001708893,0
23.65412675,39.33461479,333.1580462,400.3510096,36.10920444,0,1010.734921,0.001509033,0
22.68773871,40.74071051,295.9842389,396.094328,33.84578368,0,1014.602715,0.0021535,0
22.5027992,41.3799935,320.3438315,407.6326208,30.83484066,0,1007.696637,0.001494507,0
23.50957164,41.45601525,281.4411068,406.4069221,34.16590051,0,1012.545439,0.002255034,0
23.40059464,41.40500829,331.9207371,389.2510723,33.09226814,1,1015.45582,0.003169712,0
23.68547876,40.33745303,314.979302,400.4192886,32.54413291,0,1017.514164,0.002299991,0
25.51149713,40.57424878,304.8938567,377.2487835,33.36105859,1,1007.600505,0.001975902,0
23.70390782,42.62587636,292.0262643,412.941881,34.87383558,0,1018.956812,0.001962235,0
23.71952628,38.7735373,313.9409765,378.0707307,34.07016584,0,1006.141342,0.001529226,0
22.52620677,38.99596556,332.8131068,400.3132322,36.75121067,0,1008.28225,0.00225573,0
23.32973884,37.09199849,272.4707868,414.7609243,30.98623298,0,1004.011381,0.001936222,0
25.53670824,41.12617349,293.0827957,412.4679653,38.93730379,1,1000.79724,0.001909779,0
23.84636334,41.10047727,305.6666169,410.647293,36.27552639,0,1011.292763,0.002115547,0
25.80141096,39.78661666,284.1575127,409.4379509,32.31654662,0,1004.335034,0.003014848,0
22.90008967,41.8094055,287.1970333,417.5252123,34.77587026,1,1015.672892,0.0015883,0
24.1955669,41.72623834,246.6784428,419.4161247,36.21421216,0,1009.238512,0.002390423,0
23.82793487,39.25890841,269.2660715,412.4993405,31.81896869,1,1022.06561,0.00170334,0
24.73601926,40.36082909,297.9007943,396.8886549,35.10015405,1,1010.709382,0.003098483,0
23.6033457,39.23227332,311.5237009,389.5764571,34.59853357,0,1010.27136,0.001280438,0
23.46479727,38.75269336,297.7812446,390.8882611,32.4234894,1,1014.701537,0.002133871,0
22.82737906,37.6328668,317.0449043,413.2428978,33.65849875,1,1022.20269,0.001815031,0
22.7182425,42.41126168,328.2973795,398.4081674,33.87927147,1,1002.876666,0.002110792,0
24.88763108,36.84456624,265.4045217,386.5457197,34.70714363,0,1013.626948,0.00245247,0
24.47938535,41.52911717,329.1442512,403.3898107,33.7670485,1,1007.664689,0.001248532,0
23.28487139,35.51269014,289.1528325,417.394525,31.17710103,0,1019.043808,0.001416383,0
26.69178416,41.16286463,303.8248447,416.4688184,33.9435166,0,1016.254315,0.002817205,0
23.6851622,36.94834518,305.4698981,380.2055068,35.54768733,0,1002.739289,0.001423149,0
23.73884811,38.02794056,266.5642091,392.472137,37.04370834,0,1009.812408,0.001418029,0
23.68853718,40.17589312,294.7524053,387.551746,35.21478306,1,1012.638292,0.00216038,0
23.19118432,42.83149333,297.7908817,392.9535933,35.11678205,0,1005.749752,0.002752356,0
24.86822232,39.36921183,317.9454429,424.3045668,38.89094133,1,1015.612164,0.001602878,0
23.83759575,42.93751787,289.5704166,391.9498161,38.03958339,1,1014.907026,0.001546379,0
25.26000598,38.41021172,322.1173276,406.7086506,35.76978809,1,1018.090138,0.001668941,0
24.90901514,42.61373098,300.9491662,392.350407,32.12544393,1,1015.501823,0.001285097,0
24.08569526,38.31398797,344.7414475,430.1862868,33.6296298,1,1003.066045,0.001369808,0
23.31261613,43.19904279,268.3400918,394.9684441,33.45994031,0,1009.359515,0.00086653,0
22.68734033,40.79762146,311.7662656,402.8789888,33.87264571,0,1008.014358,0.001736084,0
24.91066966,41.07620935,267.9151355,409.2121872,32.06221494,1,1013.533095,0.001405188,0
24.32501685,42.57866801,311.8427573,390.6644154,35.07676178,0,1017.770216,0.002598696,0
21.79210754,41.04553582,298.5739333,394.0554935,35.75816829,0,1013.346401,0.001676811,0
23.15585856,36.72332317,324.2859879,382.1362581,35.70472457,0,1012.906377,0.002916728,0
23.78889461,39.20551043,281.6881246,425.4074849,36.95655751,1,1007.546178,0.001472215,0
23.79460216,38.05192521,301.7763468,374.100218,33.81990512,1,1011.166327,0.001854116,0
24.41573769,39.64738922,247.1760226,403.0777937,36.46164521,1,1008.081138,0.001374583,0
24.53490728,36.93720382,316.394936,399.0168082,33.30196271,1,1008.597619,0.001742869,0
24.21103056,36.99396798,310.3609663,359.406463,33.72855234,1,1008.102459,0.002161532,0
23.07820843,37.33291889,298.7602386,420.4596735,35.45151927,1,1016.821134,0.002399488,0
23.99474035,38.65390546,298.2514301,396.437071,36.10431596,0,1013.74884,0.001466606,0
24.44132024,40.2528422,282.7596796,365.7213591,34.05715453,1,1008.306679,0.002030499,0
22.48331813,38.28916991,261.9478692,369.8653707,36.38641612,0,1006.410901,0.002892075,0
24.54653994,41.40410577,341.4542093,382.5868868,37.79013913,1,1013.216708,0.002614766,0
23.39678085,40.31267854,344.5013397,396.0943307,34.23960322,0,1006.899327,0.00225,0
24.21905385,39.00110938,315.6853024,407.0727034,35.49991596,0,1007.238274,0.002249823,0
23.50923607,39.00546714,294.8469457,390.0955845,34.84819307,1,1015.98664,0.002194396,0
22.74225853,38.34350291,288.8654058,393.1189853,34.09470753,1,1012.654413,0.001980926,0
23.73915,40.99176453,284.2587841,404.940761,37.87774544,0,1011.66258,0.001962109,0
22.65325118,41.75269929,308.3659657,382.3935045,34.57027755,1,999.8721065,0.002142151,0
23.04713999,43.21253265,274.8949747,426.9757956,34.04805588,1,1005.686366,0.002338853,0
25.30776926,39.03720762,313.556177,397.4900961,32.28628506,1,1014.197911,0.001869255,0
23.86528093,40.78848526,279.5828765,413.3396037,35.86558029,1,1016.563128,0.001513674,0
22.63399102,41.5270128,281.3887952,413.5292293,36.06296513,1,1015.050638,0.001789198,0
25.55841908,39.84791665,255.6190169,378.9956908,35.84492039,0,1009.437612,0.001978296,0
23.55697892,41.21679541,318.6034893,389.1026498,36.36287051,0,1022.477762,0.001342504,0
23.77827257,44.38413428,310.3376119,417.0361327,36.8457018,0,1011.358532,0.003033723,0
24.06496368,39.38331684,273.0041652,375.7559366,31.86715116,0,1009.576142,0.003019639,0
23.67204972,34.20642649,313.267698,413.4416816,38.45310099,0,1012.781214,0.002446874,0
25.91899268,39.78588277,313.9471304,404.1204007,34.62681845,0,1010.697778,0.002145249,0
24.6631128,38.83798191,301.1377884,372.3313413,33.60458815,0,1013.958773,0.002217698,0
22.7028137,42.39861692,310.8156115,407.2738585,32.84363336,0,1013.720482,0.002543997,0
22.24647798,39.24688554,288.7949765,412.8812811,34.07562004,1,1019.83675,0.001119419,0
23.55259035,42.15926692,290.2283873,404.4425253,34.87886844,0,1006.108958,0.002197436,0
23.64683115,42.86608711,307.8010411,428.815329,35.43874126,0,1012.462148,0.002119226,0
24.55131802,38.19455875,318.5958842,406.8760319,36.7353491,1,1007.363988,0.001539645,0
23.76301273,41.38018222,271.1656259,418.078115,32.01654144,0,1007.158701,0.002413753,0
23.70966501,42.10224494,307.6541998,414.1036269,32.65792754,1,1014.368999,0.00152497,0
23.54357698,38.65914565,301.8664807,373.1587479,36.58384948,0,1004.671984,0.001922926,0
23.98868616,41.90694787,303.8345885,411.9427387,38.96577219,0,1003.400934,0.001456503,0
22.76473713,36.89691244,295.877787,375.9203167,34.53457473,0,1013.017441,0.00247869,0
25.3953749,38.37151713,304.0565327,398.2176012,36.04229252,0,1014.052057,0.002546611,0
25.75052446,38.16355269,252.3285704,389.882291,34.21195531,1,1007.176618,0.002409209,0
24.7279664,41.38192289,312.1988494,412.2120044,33.19466492,0,1012.504799,0.001406541,0
24.25734366,43.95974276,296.6538931,402.8852129,33.12499068,0,1010.63368,0.001878784,0
24.75034323,38.12350973,288.103701,419.8924373,36.51424239,1,1010.413101,0.002174884,0
24.41304191,40.26610848,306.8913632,405.1651439,30.01082512,0,1012.020113,0.001244059,0
25.03953756,40.32495247,337.2029319,390.510041,37.14116637,1,1009.163054,0.002190746,0
23.81561012,40.9230861,285.9730948,395.9000685,35.14082051,1,1012.505234,0.002612077,0
25.93300586,39.592121,287.2756293,356.3764373,32.86100903,0,1015.371008,0.002151287,0
23.71078041,41.00223439,298.0599344,421.5027583,34.55499296,1,1015.634266,0.001828184,0
23.65505173,37.01466335,268.398184,395.2943418,36.47070945,0,1023.420702,0.002021641,0
23.95728983,40.01996946,323.5939113,393.4655594,35.88686845,0,1006.133824,0.001657209,0
25.30845785,38.06385133,302.7433748,422.2953255,34.95170662,1,1010.666282,0.001544056,0
26.49504711,44.88223365,293.9313791,410.085435,34.5654675,0,1002.505723,0.002518116,0
24.11218584,41.43389484,301.5831479,396.5315208,37.84252798,0,1020.677658,0.001069719,0
23.21893714,41.684378,311.377866,415.9181849,33.85136185,0,1006.385446,0.001434863,0
23.87566054,36.177273,282.6306175,404.8361487,33.81461198,1,1019.532457,0.002275835,0
24.65433604,43.83237012,338.239005,423.9223717,39.36666765,0,1016.100948,0.001937557,0
24.69799868,41.55220353,323.9459743,391.5023158,34.62223705,0,1011.4197,0.002012609,0
23.98140406,39.26348194,301.5215028,412.4598686,35.11971775,0,1011.43782,0.001688139,0
24.39654791,37.87711782,307.4249034,400.3243709,32.56257076,0,1012.004786,0.001729205,0
24.39142084,38.26274414,329.950512,416.0274486,36.57931736,1,1008.213493,0.002224061,0
23.55908988,37.81488964,310.8275192,404.5975354,36.377566,1,1003.484339,0.002181784,0
24.15086585,40.74875735,305.514523,404.7191437,34.47391925,1,1014.33601,0.001109804,0
22.33295709,40.46934383,304.6560671,410.8958586,40.04811722,0,1008.717177,0.001141864,0
25.03476616,37.35358516,288.8336771,413.3781069,35.44575239,1,1013.977876,0.00155743,0
23.91043381,38.71682133,308.6592675,405.6395515,35.01147616,1,1008.969737,0.001037733,0
24.01556247,41.31455029,291.5726595,415.653022,35.31484143,0,1006.813381,0.002025069,0
26.7250994,41.79370526,305.7891757,401.8333102,36.79291137,0,1011.279037,0.002300221,0
21.73491583,37.32283101,258.9604943,407.4474183,38.03291728,1,1016.261478,0.002214883,0
24.75514111,38.66662176,307.9355872,403.7585841,34.11009528,1,1006.805655,0.003007822,0
25.69080845,40.52361359,264.1481642,410.9578252,36.58263342,1,1003.007442,0.001863014,0
23.64332624,40.73154822,303.938964,402.6361335,34.64197973,1,1012.071184,0.002134003,0
23.43957346,41.55267025,285.5858342,407.7503317,35.44796453,1,1016.766187,0.002788328,0
27.10858682,39.95323838,305.3548238,405.980373,36.88138543,1,1013.24658,0.002277093,0
24.69307967,39.21072448,307.5302268,395.310895,36.37259413,0,1016.235809,0.002458795,0
25.68220443,39.80458229,284.936024,396.2502817,31.21851395,0,1019.124546,0.002088195,0
23.68390888,39.14050338,278.8610438,387.8881219,33.08110538,0,1009.675163,0.001416071,0
22.71704705,41.4920846,295.3791724,408.2671656,37.78866684,1,1004.40047,0.001866692,0
22.89754185,36.0542689,352.8528236,406.5396033,32.81997243,1,1016.128445,0.00217167,0
22.87130938,39.92534216,302.8596565,410.1265137,33.42343568,0,1005.077437,0.00196684,0
24.25961149,39.47741625,295.8382551,407.8666902,36.33783524,0,1010.258877,0.001157395,0
24.28962863,40.0356136,321.5167126,394.5951074,33.66352463,1,1010.116095,0.001526306,0
24.32410425,39.46572991,311.0461107,421.8949726,30.53114985,1,1019.872755,0.002446214,0
22.96433941,45.83643234,328.2005791,373.0933811,33.14814233,0,1020.602393,0.002164307,0
24.08803085,41.86790389,317.6642407,370.7642642,34.96950262,1,1012.534291,0.002214825,0
22.91856664,42.93700481,338.41772,411.9238518,33.48272724,0,1017.377008,0.001688175,0
23.55446795,38.22670951,288.6116017,393.6003423,34.10735602,1,1008.00203,0.001544933,0
23.62819401,38.14537327,286.7518307,390.4146454,35.18879461,0,1015.006585,0.00211632,0
23.42078326,42.80974449,318.3448925,402.8265255,37.00154318,0,1006.620687,0.002222556,0
23.97491393,39.23619192,307.4293874,381.3040473,35.95644921,1,1015.329251,0.001677422,0
23.99593558,40.21794155,303.854634,411.4059539,33.8598678,1,1010.598562,0.001975829,0
23.47345267,40.14433429,306.3457662,391.7480773,31.80535352,0,1011.859585,0.001433069,0
23.32628721,41.84436108,292.2803858,414.624879,34.75455973,0,1014.030732,0.002598323,0
23.59681196,37.48111903,335.9169486,403.5516317,36.82597848,0,1013.873293,0.001490954,0
23.84012759,39.54302129,294.0890123,393.781018,35.70538766,1,1012.396109,0.002443292,0
23.84494994,41.50863349,329.3733033,403.4107261,36.93776736,0,1010.962439,0.001954812,0
24.77381939,38.34497346,328.0796844,401.2391137,39.27026313,1,1013.960089,0.002318135,0
22.99013842,42.59853072,307.2382484,416.2198203,35.22798908,1,1009.817187,0.001714738,0
24.85328537,39.50798113,290.7411171,413.2859011,34.79241412,1,1016.695638,0.001609229,0
24.60688198,38.98704579,337.2331111,381.9736797,35.51550259,1,1003.847122,0.001987701,0
22.75189767,38.68432036,307.7349483,407.3707316,38.64989429,1,1013.561596,0.001979421,0
24.66209011,38.54037791,290.6327168,404.6508618,32.73144382,0,1009.159629,0.001800512,0
23.69683831,43.67400247,302.5352758,407.2855716,34.8618829,1,1013.674619,0.001668717,0
23.57765134,40.50849643,278.4128047,390.5089937,33.93415972,1,1002.777796,0.00154375,0
24.42375863,39.54728951,309.5165645,406.5853655,34.25206839,1,1007.291968,0.002745761,0
24.0754003,39.04652788,279.3267762,444.8158219,35.48233156,0,1007.721292,0.001268495,0
22.27521702,39.45505048,319.1699688,416.6467811,31.82318775,0,1008.841019,0.001755843,0
22.65033829,36.14658454,289.866518,411.0793796,36.4237252,0,1015.560466,0.002238577,0
22.84785286,39.81370452,309.0307449,415.137477,38.94829543,0,1015.874558,0.002125005,0
24.4920225,39.1385684,299.6208805,393.9425873,37.43051511,0,1010.519296,0.002659266,0
25.55513332,41.34853339,311.0487245,421.0403862,34.80166004,1,1006.569896,0.002348453,0
25.58050635,40.65526966,307.4817487,405.2645489,33.41595117,0,1005.508731,0.001667132,0
24.71104963,45.91088134,288.3477232,412.3670241,31.74450155,1,1019.171045,0.001096272,0
24.28030897,38.73026161,284.2978891,417.2927876,35.59470924,0,1009.969613,0.002052213,0
23.2093092,44.04543107,299.6819695,375.278336,34.5066516,0,1019.30456,0.002831897,0
25.0799277,42.71971438,338.0658301,389.4332525,37.38248773,1,1010.375076,0.002710148,0
21.93943718,40.04821981,277.9382676,400.2690833,36.32027101,1,1014.27294,0.00129957,0
22.75574109,42.76838247,301.1320242,396.6333619,35.61329891,1,1008.378085,0.002441082,0
24.67944481,37.58645818,329.3116478,408.9911856,33.25980237,1,1010.318198,0.002059581,0
24.82316916,39.07533418,314.912631,397.0874208,36.2745132,1,1010.987912,0.00175187,0
24.3907438,38.08285687,288.7491039,417.9212952,30.30112599,1,1008.093304,0.002038822,0
23.69052653,36.93864883,310.7158667,393.5714833,33.41158691,1,1013.563057,0.001567424,0
22.84423887,42.14510724,300.0505499,380.358537,32.46088378,1,1016.372667,0.002173701,0
25.24863813,37.4259551,280.0361787,406.8959179,39.26457939,0,1022.82317,0.001789017,0
23.56238432,39.49187376,275.1528611,403.4112628,32.66780828,1,1018.281668,0.001866471,0
23.77248746,38.1545955,309.6452898,406.8670507,34.77075369,1,1013.978663,0.001711668,0
23.47814349,42.30102969,262.0552545,393.5624616,37.65411775,0,1006.092782,0.001191468,0
23.58341912,41.85644413,318.6739885,371.0341147,35.355288,1,1009.0494,0.002158271,0
25.44911173,38.74439644,337.2796689,395.8910604,37.84756152,0,1008.998852,0.00283889,0
23.55871908,40.98085199,330.0562481,407.1768922,39.8629279,1,1017.028738,0.002483886,0
23.10533974,42.09161889,309.8660782,396.4280315,32.16302449,0,1013.372509,0.001690203,0
24.23033738,40.03893766,296.1195083,402.9830774,35.61347791,1,1011.529461,0.002215153,0
24.73442319,39.54574594,276.5875657,389.639208,33.06620643,1,1015.766049,0.001316134,0
23.61875083,40.2925405,302.7431334,414.808967,34.32910844,1,1009.120302,0.002197782,0
24.88645541,40.91870362,297.059386,403.3905213,35.17727452,1,1018.826445,0.001922794,0
23.78712433,42.28494932,282.8968262,386.5823846,35.22394223,1,1006.508497,0.001781485,0
24.79732862,39.16723929,309.6713766,407.5389475,38.40685309,0,1011.998411,0.002170703,0
24.22696428,40.94013256,340.4728843,424.1173743,34.60939939,0,1005.7916,0.001892157,0
24.55691036,36.95498552,304.141823,404.5611967,33.18219255,1,1004.588038,0.002407367,0
23.12010898,45.87985685,303.8273477,401.6962674,38.37821557,1,1024.593639,0.002460928,0
24.6000538,43.58702851,300.4724462,365.4246459,30.46820115,0,1003.515169,0.002041122,0
24.50623567,37.60387108,295.3639746,419.6970769,36.24999798,1,1014.422832,0.002700026,0
22.36983776,41.09982255,281.9632952,413.137485,34.06657946,0,1007.334728,0.000961898,0
24.30072479,40.79150535,308.958274,419.8155228,34.42993782,0,1011.73146,0.001772661,0
24.14810439,40.83446283,272.7634839,407.5234225,35.74556602,1,1014.723273,0.00180642,0
25.16764045,39.75149847,324.6164135,407.8663591,36.15072686,1,1016.58018,0.002748249,0
24.35922835,37.26582323,342.7237816,406.9576599,40.72704856,1,1015.439879,0.00166993,0
21.60345303,41.19082902,245.3086106,388.7553973,36.12450729,1,1009.749176,0.0022066,0
24.42779631,40.3118192,315.5339195,382.6540371,34.59240064,1,1012.874018,0.001359544,0
22.22420717,37.93570594,298.8093196,405.4908418,35.81914108,1,1015.473309,0.002224153,0
23.72574517,41.55970789,309.8631005,396.8761851,34.85334478,0,1015.754801,0.001669465,0
24.83138688,41.10551789,330.3707396,393.2519547,38.09962171,0,1010.533563,0.002114238,0
23.5458758,44.23413566,315.663969,400.5659062,35.78497335,1,1009.386588,0.001908373,0
23.85126932,39.96462985,362.3209185,378.3758179,34.30463232,1,1008.478983,0.002452529,0
24.26173288,41.50317665,299.8797858,418.3449242,36.03426969,1,1004.481233,0.00235639,0
23.31879159,44.56016357,327.4171696,400.7250013,37.12346313,0,1004.449842,0.001808736,0
24.4881461,39.35608893,280.1891952,404.7319792,34.29238728,0,1015.537436,0.001473148,0
24.51454575,43.8066289,294.9992683,392.7774014,35.64682003,0,1019.276209,0.002766427,0
24.51000373,39.78215786,297.3725058,387.5718142,36.43466849,1,1006.430856,0.001670546,0
24.97623739,38.41903882,305.4823297,381.3295435,36.48832387,0,1011.718698,0.002647657,0
23.44977452,38.69940846,263.8882283,409.3067638,36.26099375,1,1007.249352,0.001301312,0
22.8734935,37.53646654,317.7722616,420.2756453,35.10782672,0,1013.713438,0.001635549,0
24.76020391,36.80999389,286.7607097,412.9203727,39.13808189,0,1011.855721,0.001462763,0
23.64588314,36.24201713,306.2571659,408.7504172,37.23784719,0,1017.434541,0.002063014,0
22.59571902,40.98366941,324.5889038,414.541529,38.40737583,0,1008.600693,0.001368608,0
24.90928451,39.80546978,327.9721561,397.0620034,35.45829011,0,1008.029685,0.002090734,0
25.48778391,40.36837108,291.9226767,413.9666867,33.40069422,1,1013.640886,0.001137084,0
23.58353465,40.89558639,282.0730066,420.7944773,36.04554669,1,1017.252354,0.001366598,0
23.60899249,43.26044137,309.177086,402.7656799,37.65343695,1,1007.838149,0.001466612,0
24.46832513,39.60124971,312.5651513,400.2959014,34.1331712,0,1012.147851,0.002056788,0
23.04762698,37.8365314,297.4199091,391.1590474,35.95365019,0,1015.339415,0.001292195,0
24.07649877,35.89829702,307.2379649,419.0530087,33.24036448,1,1010.082389,0.00188126,0
23.09105167,38.96269202,292.0126607,403.6721967,36.73621558,1,1005.22897,0.001170458,0
25.72118612,36.26580821,288.5462889,404.5870821,31.65260841,0,1006.016044,0.001685449,0
25.02487035,41.56110022,331.0022987,393.6385352,31.43988049,1,1015.784927,0.002771612,0
25.10560301,39.76772989,307.504676,403.5792893,35.71863489,0,1013.959634,0.001156576,0
24.92797654,41.35258358,298.6891846,434.3489906,34.17587001,0,1011.960554,0.001428275,0
24.12420541,41.84684121,296.0069097,404.0068835,35.98152435,1,1017.783145,0.002004012,0
23.68072019,35.30935205,330.8960694,394.6243823,32.43423863,0,1014.390304,0.001835604,0
23.15815173,39.30346808,298.8577166,392.5383861,38.88072639,0,1014.406402,0.002365931,0
23.94904583,39.36118527,303.8044736,420.964706,33.53832801,0,1011.116586,0.002378294,0
21.97105196,43.87277471,324.6369855,399.5305845,34.35221702,1,1003.650515,0.001324183,0
22.82906912,39.12831096,270.344552,381.9686727,31.88302871,0,1009.01644,0.001412264,0
21.60783374,43.51334985,284.1444051,395.4784062,33.23815468,1,1010.468788,0.002379591,0
23.75066767,39.63001153,294.1632457,383.5821785,36.65355463,1,1016.243392,0.00222357,0
24.2117073,39.13618422,280.5985379,400.8024032,33.35602833,1,1011.299917,0.001888626,0
25.48289922,38.62590399,280.4210094,401.3119859,34.61235928,1,1010.67242,0.002413453,0
23.48804737,39.27303352,283.8123266,416.2033625,35.28545102,0,1014.48824,0.001762181,0
22.40618985,40.49005811,316.7728669,394.9135365,32.94163291,0,1014.462129,0.002330936,0
22.88038857,39.79825241,324.7058875,404.3541968,37.46859881,1,1011.780952,0.002324026,0
24.17870607,39.5345959,304.814724,401.8687332,35.62411981,1,1007.077809,0.00088859,0
24.683581,39.36948839,296.9214033,397.969381,32.95557568,1,1007.061651,0.002363344,0
24.31607747,37.83182961,328.2624732,398.118744,36.69375324,0,1012.514594,0.001867441,0
24.70212402,39.2097523,289.5230428,361.0479686,37.43293764,0,1012.004728,0.002166248,0
21.47357847,41.66459639,284.1069995,410.3045442,32.73566233,0,1012.104888,0.002126902,0
23.11067682,34.91360473,312.6669619,405.2691906,35.23707402,0,1008.651825,0.001645438,0
23.90441574,39.97081142,283.5756948,410.3905422,30.6810683,1,1016.809046,0.001601167,0
24.55261303,40.00433212,274.7018861,403.0035171,34.79555399,1,1016.187454,0.001551164,0
24.76988688,37.61304401,293.4476493,428.4318619,38.33361328,1,1014.316955,0.002200071,0
24.9158521,40.41030945,316.9873142,415.2429188,35.721624,0,1006.185522,0.00194524,0
22.56662544,41.34380483,305.0112818,398.8616948,33.03573561,0,1007.521494,0.001653381,0
22.31746523,40.25934143,264.9518606,375.5546036,32.65391163,1,1014.296094,0.001655237,0
23.64660768,39.64195407,317.8590051,423.2742056,34.90509224,0,1020.545783,0.002211022,0
23.15019364,34.41268848,288.9228998,441.5379586,35.87841999,1,1018.158705,0.000972109,0
22.13890181,39.02474484,266.5259641,404.0878409,36.15635398,1,1016.012232,0.002294039,0
22.43363934,40.40511665,292.2971011,402.4542622,40.78810971,0,1009.771837,0.003180487,0
22.71671493,36.97065364,301.3709706,416.7227669,34.78841091,1,1009.863636,0.00161858,0
27.00265103,40.95684647,288.7803219,383.5497262,34.33087976,0,1016.727295,0.001445092,0
23.61919012,43.14831848,299.5077347,427.2261604,34.88429574,1,1014.185938,0.00148468,0
22.7916181,38.70529987,260.4349841,388.3305848,32.40372529,0,1007.178435,0.001666807,0
23.68219539,43.33945821,304.8740182,412.501733,33.09103443,1,1012.522938,0.001296956,0
25.60683751,38.55063458,308.6614582,409.93801,36.11719128,1,1006.64991,0.001661738,0
24.82390148,37.97455743,319.4644948,414.7650151,39.18057376,1,1009.445806,0.001428191,0
23.8202523,38.1422072,297.8323733,388.0016512,33.17018551,1,1015.942016,0.001789342,0
25.3234423,40.82650394,319.6677884,398.9495546,32.55196216,0,1015.594993,0.002257451,0
25.59292003,39.36103303,273.9748003,408.8561587,32.14107406,1,1015.464452,0.00217346,0
22.53468973,39.96385709,292.9630874,367.4746894,37.06109148,1,1011.742088,0.001754879,0
23.22306472,35.32559165,305.3199832,401.6588939,33.99912666,1,1016.819146,0.001870465,0
24.56134607,39.60297079,330.9932543,383.6916888,34.84968281,1,1009.934077,0.002304084,0
22.4943778,42.12501984,302.4885195,392.499986,34.50220281,1,1016.284229,0.002659598,0
23.75733015,40.8516653,304.7342425,389.5421453,39.73196387,1,1019.164733,0.001999746,0
23.20893004,37.39304075,304.7179277,405.4817873,34.68461366,1,1009.54608,0.000892036,0
23.30319069,36.91841931,317.0244227,418.3951833,36.19921669,1,1012.867666,0.002532963,0
24.7141544,41.71416939,297.5568334,395.4924024,34.38138922,0,1011.723999,0.001754782,0
23.92537899,39.39243375,298.9101153,377.7282656,35.23444149,0,1013.6568,0.002656455,0
24.92218808,39.37945761,287.8778465,391.1312524,31.56596293,1,1004.843653,0.002729106,0
25.14750889,38.88679478,291.3769629,417.8264378,36.62907409,0,1013.116393,0.003007811,0
24.73043144,41.30186218,284.8418216,398.9642051,32.93724862,0,1006.049348,0.002431999,0
24.98455987,39.72923423,311.3422016,389.5063521,33.09566881,1,1003.90285,0.001730103,0
23.44877664,36.89393053,282.1722715,382.1884075,33.30003656,0,1015.681034,0.001680067,0
25.23983734,41.49845606,291.2427815,388.5859463,35.89110599,0,1014.053913,0.001484945,0
23.82077774,39.75119299,338.1544947,424.1891692,31.94414215,1,1006.828739,0.002327683,0
21.40146279,40.04507736,282.2872209,396.2180627,36.80139084,0,1008.661921,0.002140502,0
23.82317837,41.47822454,317.9430883,425.5612258,31.74918137,1,1013.136694,0.002242531,0
23.42361001,42.17677173,280.3364735,403.7156957,37.55813981,0,1021.492142,0.003295199,0
24.03281211,38.57019145,287.8324887,394.0184702,34.69669418,0,1012.551922,0.001975607,0
23.98785419,38.28267694,278.946372,399.3148601,40.96499592,1,1023.604137,0.002243018,0
22.60237481,43.54746869,324.638978,406.7001434,34.55811916,0,1005.377558,0.002242656,0
22.2321916,36.41712966,306.6357164,381.2481179,35.84616849,1,1014.437684,0.002806604,0
23.09312141,41.01400969,320.9857228,424.9742086,36.41787476,1,1012.308684,0.002934871,0
24.1296312,41.26058741,296.4080138,370.4572092,38.27302623,0,1002.060987,0.001714423,0
23.67360253,39.10793793,267.3622457,415.2340326,35.43015923,1,1009.104772,0.002365525,0
23.36631706,40.01839317,323.5626223,438.9562004,34.84130247,0,1009.131311,0.003141054,0
23.42465137,37.82471297,280.0037235,428.465015,35.42569749,0,1014.540442,0.0017085,0
23.96405406,39.52233013,311.0563851,399.9066427,32.40525499,0,1014.115827,0.003021972,0
24.94748216,42.0176584,313.3015211,400.3837408,33.86881444,0,1011.31132,0.002506768,0
23.35040859,39.35042756,314.7324733,392.7669777,34.64337018,0,1010.108776,0.002956781,0
24.33393287,39.85661324,309.1089545,421.7473637,37.50558396,1,1011.667798,0.001054301,0
23.9160498,37.06946489,311.1301604,400.3620173,32.28950357,1,1019.362767,0.001235952,0
22.888952,41.66383617,314.4768933,408.8193483,34.4318531,1,1006.855743,0.001733595,0
22.94479858,42.97723927,336.4720863,409.0923446,34.63155427,1,1008.77473,0.002679857,0
23.42393894,40.00906571,321.7361568,422.3287618,33.31427852,1,1017.717295,0.002384592,0
23.92366155,37.98048223,326.8370748,421.2925141,33.54168923,0,1016.98635,0.002175263,0
25.89746839,38.07469437,277.4852767,408.0446658,35.52141783,0,1006.373378,0.001957543,0
22.04816063,38.02706373,327.7752288,397.5659477,36.06198733,0,1009.580287,0.002041072,0
22.66043775,40.10684338,302.5228627,418.9290072,36.4713997,0,1011.928555,0.002529169,0
24.42685028,37.54929745,319.4954019,396.6464558,32.44559737,1,1011.329457,0.001815612,0
21.44812683,41.20316641,307.2607475,405.2707108,33.47879719,0,1001.037059,0.00183204,0
25.30054141,43.87408,282.6811311,395.0251951,34.18598354,1,1005.524415,0.002551569,0
23.82566615,40.7773371,294.5887528,389.8585409,31.21781199,1,1017.93894,0.002142633,0
22.7296181,44.59024306,307.7150185,419.5171818,36.60859077,1,1012.0448,0.001169085,0
25.28089963,40.27436529,293.2954507,418.73647,30.25318687,1,1011.243821,0.001968183,0
23.14879726,42.19985881,306.8758447,391.8387453,35.80768296,0,1009.78919,0.001949225,0
24.68557217,40.7121487,312.5715141,362.5640681,35.98442321,1,1009.258788,0.002189682,0
24.36541897,39.98558589,299.5144194,408.1960879,34.12984523,0,1007.054742,0.002273223,0
23.55155577,41.24154793,319.0605698,400.7097095,36.80549341,0,1016.262272,0.002967226,0
23.72065617,40.39133664,335.103714,363.4202583,35.48026186,1,1016.946386,0.002952124,0
23.42345201,40.79993963,349.7877536,399.1380573,32.91614374,1,1003.177201,0.001386309,0
25.00977477,41.98681318,332.1401484,391.2282312,34.33344,1,1010.469081,0.002044855,0
21.70569435,38.28597897,292.465224,401.8694025,33.16646802,0,1017.825317,0.002660967,0
23.22467841,39.66451066,284.0626885,400.2166645,31.34592388,0,1015.061777,0.002303525,0
24.37465474,41.06179855,302.8166536,389.2138849,36.70354154,1,1019.299183,0.002301128,0
24.56613687,40.68061364,342.7366694,401.5530745,34.23141896,1,1015.121721,0.001582911,0
25.47418212,42.58657233,322.4759576,404.7733577,37.17782828,1,1014.895291,0.001952557,0
22.96109782,43.22778729,278.1703446,389.8348742,33.37205311,0,1013.026631,0.00172019,0
25.27390078,39.6420401,299.2125092,401.4059064,31.94770715,0,1007.206171,0.001105259,0
24.40215151,38.12771984,293.4259825,403.663566,35.64475436,1,1000.548537,0.002886886,0
24.99399022,36.55485594,324.661254,392.2077016,34.39125278,1,1010.665372,0.002795136,0
24.72106549,39.60375637,303.1387043,422.5527583,34.29525535,0,1013.114592,0.002107645,0
23.6371861,40.26760553,233.9179166,413.0610586,34.62907186,1,1008.84415,0.00201227,0
25.24814215,39.38349116,315.3243892,382.9530687,37.20838429,1,1008.582161,0.002906143,0
26.49364146,43.36718686,294.1810151,428.8515136,36.17168741,0,1013.162695,0.002645769,0
23.04574824,38.64384828,320.7364484,388.3283419,33.54076596,1,1010.560384,0.001662967,0
24.32274548,35.36004634,253.3257013,407.0940903,36.19175393,1,1012.335749,0.002939237,0
25.38846193,35.49938909,327.2932951,392.9152212,31.04092587,0,1008.707403,0.002330507,0
24.62245367,40.72443098,284.915354,386.2144736,31.89535403,1,1004.170554,0.001892872,0
24.05739681,39.19723414,294.1327169,402.7747933,33.20047257,1,1016.925243,0.001922268,0
23.28712738,40.33963094,300.884983,409.5765845,36.19014724,1,1011.344005,0.001932647,0
24.26823555,41.56946978,314.282994,383.2163032,37.58150602,1,1008.658827,0.001705091,0
24.74304895,37.58186095,299.3355051,409.2846858,37.8708665,0,1005.97728,0.002423765,0
23.97115086,41.29839807,278.9178328,422.746496,32.44467179,0,1013.053692,0.00173239,0
24.53254122,41.32850401,264.960398,398.1966676,35.93162311,0,1006.110039,0.002018948,0
23.48327039,38.88895829,298.6284027,399.2816228,38.27635969,1,1016.56389,0.001002796,0
23.23556829,40.32178469,278.3950329,375.7148678,35.48337811,1,1016.113196,0.002230307,0
22.45275022,37.0990598,282.1397077,401.8783888,32.60463153,1,1011.312447,0.002646046,0
23.78784719,36.2560222,301.0651772,370.5035878,38.62851857,0,1007.618986,0.001971378,0
26.42688588,35.73350954,280.3194642,402.0995051,32.86868604,1,1009.278118,0.001691362,0
25.69012461,37.73334403,279.1506801,406.2492363,33.85410258,0,1017.030603,0.00180416,0
24.29842378,40.24681502,295.5318001,413.9327486,36.90669287,1,1022.832797,0.002463415,0
23.97180488,36.64208577,281.772033,390.8735836,36.08016475,1,1007.989128,0.002469863,0
24.33411274,44.97520006,307.909707,435.6088259,33.48254594,1,1019.493873,0.002391977,0
23.60585365,39.96999771,303.9240973,396.9326744,32.90765408,1,1014.050939,0.00170437,0
23.62662162,41.06414788,287.9603089,377.4013097,36.85444717,1,1008.055333,0.003342749,0
23.84882401,39.96377513,306.0086994,399.130772,32.55241538,1,1007.136055,0.00228163,0
24.17890655,40.508025,268.0180244,376.5241821,34.88530579,1,1004.467704,0.001487966,0
24.33060044,39.77453145,305.4555995,428.2819065,35.89210617,1,1016.84567,0.000518063,0
22.01749587,38.72259212,334.4844758,416.5184858,33.23043556,0,1012.038288,0.001521392,0
22.98024183,41.44789913,304.1644061,417.0651035,38.26738198,1,1010.829495,0.001639747,0
22.83237057,40.58893631,295.3350276,380.2374604,36.18396228,1,1008.651174,0.002077667,0
23.5303847,42.70362151,330.3518959,411.4039537,33.90643477,0,1014.728845,0.002947313,0
23.9420713,39.64978175,323.4016056,391.5134599,33.92775267,1,1008.973217,0.001722448,0
21.58317558,39.40841084,318.1586791,411.0421432,36.07641425,0,1009.186059,0.002429194,0
23.33174828,38.90654975,275.9268971,388.4426975,35.59233853,1,1015.451499,0.001555452,0
24.73254227,40.45912656,309.1850293,402.6777455,32.9239036,0,1012.122083,0.002926611,0
22.36566656,39.06650752,294.2456235,434.9663807,33.26702727,0,1017.401095,0.001307871,0
24.23952418,37.83734909,313.1313792,387.9427888,35.95925258,1,1022.820546,0.002022783,0
22.90672555,40.22810799,278.7381992,394.0216126,37.13361072,1,1006.470922,0.002157512,0
23.75965287,39.23842067,296.536202,434.1846808,35.44023656,1,1010.52507,0.002386506,0
22.97069446,39.33420806,285.7996083,405.9625527,36.86022384,1,1021.198514,0.00216453,0
23.48360168,38.8225915,312.9211721,385.4698129,34.16915433,1,1019.452009,0.002441427,0
23.47592341,42.42600435,304.2566384,404.9543589,35.9796765,0,1014.987011,0.00183824,0
25.4182335,37.43991572,293.0880736,405.8898315,33.82989649,1,1011.56713,0.001867531,0
23.09743325,39.91045105,295.9446219,423.5312704,35.60577629,1,1009.258395,0.001766495,0
24.64361694,42.53858083,303.2922425,414.8012282,35.91780888,0,1000.682509,0.002729483,0
24.68720057,42.1890451,359.4618709,408.6394868,38.74417851,1,1007.137711,0.001095648,0
23.55851418,39.58767338,312.8553153,415.6124914,36.02746113,0,1019.87168,0.001903468,0
25.52768393,39.01562281,284.919395,386.0246393,32.70596533,1,1014.512866,0.001719167,0
24.49744343,40.85678691,316.2183231,421.8984644,37.13136536,0,1011.794682,0.00108348,0
24.06997998,39.93096411,307.7603852,402.1851463,36.90046116,1,1016.462417,0.001548161,0
22.91799258,36.49816031,288.1763354,403.0046032,36.06555819,1,1011.757753,0.001717641,0
24.39782013,41.60196391,254.6053192,426.5177415,33.10240813,1,1013.967018,0.001801872,0
22.4062227,39.54016108,335.9161441,378.0072025,37.19027545,0,1013.233378,0.002496494,0
24.88537354,39.53709124,285.2048252,414.5696105,34.44263322,1,1011.909673,0.002195886,0
24.04653135,40.73890187,283.4948185,421.0062651,35.83066136,1,1011.286566,0.002447084,0
23.40146608,42.52035756,324.9907304,418.1162338,34.24297766,1,1009.543675,0.001526712,0
24.42507889,41.29314648,300.6091707,423.0902183,32.88513937,1,1006.249195,0.002310462,0
22.85717972,38.06574785,314.7968227,410.9344893,33.16461435,0,1008.264778,0.002313348,0
24.12052865,40.15915764,325.6356362,397.1391427,35.66772294,1,1004.186189,0.002416599,0
24.55097881,36.81225624,281.8511323,418.0150129,31.13222668,1,1015.798907,0.001468088,0
24.24665644,39.92840956,310.3433109,411.0318234,32.96603768,0,1006.955798,0.001356786,0
24.78441176,38.74502344,317.2219134,384.9813853,36.82448622,1,1019.078531,0.001194167,0
24.55965769,38.05317856,300.1814764,409.955941,34.92047488,0,1012.331391,0.002248833,0
22.51999752,40.64860318,253.6123239,414.1536,35.99842538,1,1012.483676,0.001485222,0
23.77109595,38.28100199,316.9234986,418.1261679,29.65223869,1,1007.681376,0.001451768,0
23.39063957,41.48844571,298.5953481,407.1928846,35.63519628,0,1007.292112,0.001905036,0
26.5101855,42.22035032,296.8194354,391.2559896,35.54756984,0,1010.7692,0.001772989,0
24.92694544,42.02989543,290.2748746,401.8634606,37.76633278,1,1007.31891,0.002200564,0
23.91414964,43.99340469,317.921435,399.4965342,33.28334109,0,1006.979984,0.001856007,0
24.48353502,39.19214936,298.9549099,423.1073536,35.95977477,1,1013.618106,0.002085394,0
25.38720637,42.43845978,304.2403187,379.0070059,35.32435541,1,1017.507201,0.001274391,0
24.95459297,41.39195107,299.8298526,386.7050378,36.27768639,0,1011.96176,0.001905708,0
24.52912599,42.82161957,273.2766582,392.9787431,32.12432936,1,1003.849279,0.002003771,0
23.90587032,36.17856291,263.230132,429.2241793,33.99292725,0,1015.885176,0.001762621,0
22.53595856,39.78907832,304.7867846,393.2253236,38.27622136,1,1014.419326,0.001732395,0
23.83412582,40.92297169,339.3328119,410.8135369,36.63655031,0,1023.975846,0.002099551,0
22.73705702,41.67062725,274.2437186,383.0260896,34.75988423,0,1020.504679,0.001843356,0
22.71766352,38.47141364,278.4841233,418.2748413,33.34210337,0,1011.632919,0.002297588,0
23.53017479,42.08165205,280.3503597,399.7769081,34.78356835,1,1013.704713,0.001873366,0
23.02139652,42.27160201,317.8445694,404.5590421,38.41705402,0,1012.688108,0.002528955,0
24.24784983,39.40617257,295.3806042,421.8951588,38.39833575,0,1011.09555,0.001852249,0
25.9693422,38.85632134,290.8904546,374.6118493,37.63033883,0,1009.274159,0.001816338,0
25.96523136,39.38322581,307.498718,398.4820559,33.91680003,0,1008.80354,0.0021527,0
24.69047319,39.4202428,271.3831046,407.8345284,34.785405,0,1020.484932,0.001707543,0
25.52049784,40.17683239,298.5865084,384.3396472,32.97943393,0,1011.338259,0.001465034,0
23.91975954,40.64038388,305.6571073,392.5723039,36.8127987,1,1025.690592,0.001910023,0
23.82559681,40.81923482,291.876729,373.7600104,34.72858403,1,1003.878154,0.002247503,0
24.85339819,39.96515776,292.7958011,388.1881876,31.18848648,1,1021.791041,0.001916866,0
26.16074133,43.11052038,320.047078,414.5294771,33.19429218,0,1014.507874,0.001471025,0
22.5585959,39.03268946,288.8837017,389.9335559,35.83556482,1,1023.366782,0.002139708,0
25.5724021,41.60046214,329.7021464,391.2602607,35.78720342,0,1016.226738,0.002387546,0
25.94749243,40.97238483,299.6315122,407.6419381,37.17389638,0,1013.632695,0.001717195,0
23.17575937,43.05082946,297.9624794,393.0940701,36.03657635,1,1009.084395,0.001058076,0
22.89398291,42.0987678,281.4908189,387.1888993,35.50252318,0,1006.510235,0.000829767,0
24.17276983,39.67690083,299.6916998,414.7995823,35.22783482,0,1010.117655,0.002055002,0
24.43944089,41.0297987,302.9805297,399.8612905,35.41320852,1,1009.451198,0.002180154,0
23.55133629,36.61570511,289.6218754,376.3815531,33.26975356,0,1019.323269,0.001430607,0
23.23980467,39.79568359,302.1572603,392.9453268,35.28265414,1,1010.96895,0.0009481,0
23.55633702,36.84600736,257.3614553,413.5250227,32.96998469,1,1019.520743,0.002230707,0
23.35537658,41.15494695,290.8989377,404.7160865,39.95153285,1,1016.744552,0.001797793,0
23.62760621,39.94025367,319.2513077,444.4527867,36.28455167,0,1014.472683,0.001874718,0
24.50872898,39.23422302,317.4752685,380.2009425,32.23371783,1,1009.742112,0.002754141,0
24.06988276,41.80372583,324.2642651,414.0933517,35.0604514,0,1011.473255,0.001496072,0
24.47620198,36.70554991,339.869412,395.852245,36.19349667,0,1009.017929,0.001986567,0
25.39826336,38.90863881,305.4377726,411.0025554,37.2395577,1,1012.231627,0.002243861,0
22.81746336,38.66215181,308.0025606,385.4812147,36.69598312,0,1015.993138,0.001721762,0
24.27320044,42.35829235,268.2518823,412.2591715,38.05313723,0,1011.71822,0.0017427,0
23.59346144,38.04013423,313.7703487,385.1740685,36.47597508,1,1005.361063,0.002377676,0
24.1177764,37.97927032,332.0589707,383.6305143,36.71112955,0,1023.19584,0.001381071,0
22.60152136,41.56372568,298.3476404,404.6481797,36.11634863,1,1015.931378,0.002521459,0
24.55810016,43.68662031,325.758703,397.99034,36.97568814,1,1017.051076,0.002015514,0
22.75590811,40.41804033,284.8901924,402.9157013,36.51083286,0,1009.062855,0.001380419,0
25.36589797,38.16111482,324.5403959,391.7377588,38.21608882,1,1009.92009,0.001680652,0
23.72294384,39.22466301,311.4591504,399.7276479,35.03893112,1,1008.356064,0.002119464,0
24.86599242,41.63886503,292.0442993,406.78363,33.09501253,0,1010.727289,0.001897237,0
24.33607592,38.56969998,292.4076835,412.9352414,35.19304716,1,1016.029553,0.002145512,0
23.60519239,40.8873441,305.394976,414.7607169,36.44513955,1,1010.830157,0.002005011,0
24.22651755,39.28956467,294.8442789,390.1489064,32.97922303,0,1009.234495,0.001884387,0
23.74999188,41.6375474,261.1071286,410.1073471,37.40102185,0,1018.202514,0.002099573,0
24.22501971,42.5987259,305.3325616,399.1903018,35.66725371,0,1010.049526,0.002311322,0
22.98706845,39.9054213,353.5425215,380.1442848,35.22834719,0,1014.210087,0.002484269,0
23.25081901,39.65728783,293.5338184,414.7729774,33.95120471,1,1016.438442,0.001220544,0
24.75494159,36.66427862,295.9680415,383.4704862,38.2513827,0,1018.567377,0.001241946,0
24.64548149,41.18040635,319.7303767,405.4291559,35.81133194,0,1012.375261,0.001319127,0
25.40981736,39.92984818,364.2270274,396.8683648,38.15406418,1,1007.360961,0.002155447,0
24.87687887,41.70244964,326.7199527,400.6443032,34.92954505,0,1009.447417,0.00244758,0
26.08641919,42.31546462,304.5334595,400.9592193,34.1636552,0,1015.652241,0.00180705,0
23.64556402,41.56090465,286.2670027,421.516703,33.41577446,1,1008.871324,0.001704961,0
23.72773584,42.21155458,311.7203838,391.4264596,35.15528786,0,1010.653207,0.00234696,0
24.06165306,39.30272305,296.5747455,404.8925538,33.94491973,0,1017.786896,0.002848912,0
23.51465064,37.2082442,291.0329136,391.9051753,32.51991885,1,1016.860287,0.001888695,0
24.81102667,38.07834617,316.1062512,414.1825995,38.58465089,0,1013.329268,0.002367705,0
24.6806148,42.24285078,332.3227961,385.5373587,38.27888047,1,1015.45683,0.0018252,0
24.70441925,42.9428342,315.3305996,396.6365791,34.33659026,1,1012.878074,0.001856838,0
25.28620058,38.55002179,299.5950012,389.3072996,36.31179845,1,1004.876524,0.002114113,0
26.25876528,39.08523531,289.2517085,397.0054998,36.28548353,1,1008.912282,0.001381489,0
24.24120474,41.30660632,317.1720682,386.4211841,33.22047753,1,1014.413235,0.002186284,0
23.46338123,38.17098531,279.3946882,412.6856054,37.53824846,0,1005.937936,0.001967079,0
25.02144588,36.1066392,309.2691513,404.2071944,35.45666824,0,1006.790298,0.001893078,0
23.19831366,42.48638457,297.3567725,373.7449745,33.20100127,0,1001.154914,0.000701855,0
24.39716116,39.56245179,280.1811619,390.7408255,36.91988906,0,1009.98612,0.001124521,0
23.60776481,38.97314864,281.2895523,413.9901869,35.46305755,0,1012.626436,0.001263533,0
24.93048448,38.21110847,282.8191749,409.1503852,35.68417943,0,1006.201295,0.001798436,0
24.90918896,37.47497012,309.2916547,382.03693,34.25715618,1,1012.630185,0.002601623,0
25.30174382,42.29238496,294.9640877,389.5463067,33.67557499,1,1020.845906,0.00151893,0
22.19667873,42.13787175,278.5489123,432.7079687,35.6088869,1,1008.078864,0.001858904,0
25.61744648,39.15114861,299.3169623,391.9952218,35.54705408,1,1005.951404,0.001970973,0
24.13388817,39.21584054,299.4631548,396.3855245,39.67656702,0,1004.395579,0.001753262,0
23.98110721,39.43676415,267.1801259,394.101129,34.12189651,1,1019.765105,0.002619853,0
24.4662585,40.84655703,302.1904154,396.849639,37.21256856,1,1021.004806,0.001510406,0
23.68110446,41.48975089,320.1082801,381.8348577,34.79518719,1,1016.188418,0.001574441,0
25.25561927,40.78332117,298.4859905,408.5930135,34.08283527,1,1005.599756,0.001838945,0
23.89944742,37.66929815,257.747516,413.1448125,34.71757765,0,1011.049423,0.00091269,0
24.00761366,41.59453232,278.4640001,405.3267712,33.72995711,0,1013.700298,0.002290507,0
23.13265065,39.01217455,314.6242911,398.2859336,34.63995637,1,1015.38451,0.002096575,0
23.1130906,38.47132999,298.7270988,397.5056816,30.75427176,0,1012.62435,0.000834982,0
22.58950919,40.34976569,316.0387744,390.4264335,35.75334408,1,1004.522375,0.001707092,0
24.58912947,40.10639786,320.3858848,405.5490412,31.36226626,1,1005.392875,0.002907767,0
24.41953222,39.49697325,298.1215286,415.0286558,36.03436887,0,1009.479135,0.00204108,0
21.89888301,41.33775003,300.6668035,422.2476643,37.7459647,0,1016.679051,0.001054432,0
24.71652821,41.75153079,310.5085633,402.4389634,31.88660007,1,1015.498161,0.001542904,0
24.72930553,39.07564364,280.5985283,402.7647403,31.49338022,1,1012.282099,0.001692926,0
22.97613409,38.5167082,335.4089924,401.8704836,37.00800689,0,1013.633546,0.002516706,0
23.62040882,38.46296138,296.0268259,399.2574069,36.81612782,1,1011.624358,0.001038241,0
24.9874619,37.90258507,313.232147,417.9974889,34.93536849,0,1012.832249,0.002349364,0
21.22880241,42.92733535,284.29589,383.4711438,34.18272033,1,1013.410233,0.001029262,0
23.78610115,37.41821918,305.7969497,397.478021,35.13263181,0,1013.289623,0.002540764,0
23.63714925,37.53092091,292.8618927,393.2267757,37.82019308,1,1002.809947,0.001460133,0
22.63549167,40.79268543,278.2405967,430.8246892,34.8456752,0,1004.475999,0.000518384,0
22.15460118,38.48411612,269.2438746,400.0377356,36.15425489,0,1012.497848,0.002398089,0
23.73820102,39.04373208,299.3925605,412.3996433,35.80374471,1,1016.619091,0.001395976,0
23.0902392,39.29294473,291.0130254,385.8590643,32.4387097,0,1006.981036,0.001867324,0
23.40814022,38.02551211,341.4428213,417.6313551,38.28139019,0,1018.329789,0.001717126,0
25.15144459,42.21330403,282.2652231,375.7301807,33.78384579,0,1018.724653,0.002608341,0
23.11180353,40.51132282,306.2445741,414.0129283,33.029222,1,1007.621146,0.001725177,0
25.80795523,38.391329,282.9120387,389.3977059,33.14525033,1,1006.356564,0.002393822,0
23.57398575,42.60587894,316.8384016,375.8828584,35.94338289,1,1016.191413,0.002070772,0
23.10312576,40.63601265,331.2063936,406.0827329,33.83500648,0,1014.395833,0.002099909,0
25.7965363,40.24409204,272.6367468,398.4982654,38.15003324,1,1018.956613,0.002154266,0
23.07142729,41.72177554,281.914265,401.1156124,33.91627641,0,1015.912733,0.002333682,0
24.48686393,39.13867815,321.1937675,414.4705438,33.91183322,0,1021.418455,0.001607359,0
26.52940384,40.28242175,288.7955474,408.7044732,35.86540044,0,1013.213552,0.00166444,0
23.50016805,35.4354216,299.9875656,417.463219,32.3995196,0,1018.821463,0.002546417,0
24.87297231,40.34433527,276.7262186,420.2444563,36.19196506,1,1015.000221,0.002249797,0
21.73831333,42.97177785,282.5487486,367.7020286,32.393836,0,1014.833007,0.00169561,0
26.19528578,39.92044946,324.0193618,399.9582741,35.81664758,0,1017.948992,0.002336232,0
25.33870501,41.83467431,292.4841541,394.965033,31.3694823,1,1011.678902,0.002345979,0
22.9363216,39.21081966,284.64655,412.6228472,35.10439514,0,1011.934245,0.002109027,0
23.22403053,35.12501997,293.9790331,397.8746951,34.87642418,1,1007.406612,0.002260392,0
23.00039902,42.54660268,314.8871048,375.1003412,35.86728274,1,1017.070439,0.002251893,0
23.01315893,40.84652097,297.4090751,415.5940833,32.96109064,1,1008.116541,0.001520826,0
23.36298641,43.20933211,292.0054944,416.6771901,33.12211325,0,1014.986764,0.002284333,0
25.09049382,40.8624039,306.5500555,409.4197233,33.23013966,1,1015.270805,0.001514159,0
23.92067522,40.4598989,320.5735689,392.8034273,37.72944886,0,1015.941664,0.00197819,0
22.87884157,40.72380875,310.5781545,411.7311347,32.90467779,1,1008.44126,0.001996677,0
24.70465865,40.66069463,286.2421215,394.4029459,33.81800119,1,1008.81116,0.001919737,0
25.28010925,36.17236194,315.7717601,378.7209596,39.34819044,0,1015.682225,0.001392106,0
25.23393788,43.57347415,300.1659734,387.88583,34.48282075,1,1014.309797,0.002426812,0
24.99701466,37.42313958,311.9511738,399.3631005,36.14139042,1,1008.439062,0.002363337,0
22.30940756,36.52221391,293.2623454,385.9521982,35.14387556,1,1014.146704,0.002886115,0
25.85729245,37.21184951,276.019441,390.0473597,37.30061158,1,1011.122385,0.001852322,0
23.66969239,40.13164057,327.6289817,404.7655647,35.59821733,0,1005.920995,0.002333196,0
23.94147269,38.06196658,311.859585,426.1539212,36.05787934,0,1010.040106,5.79E-05,0
21.11635488,39.24749511,322.7986389,414.0008579,31.82417204,1,1016.148132,0.002244376,0
25.00729091,38.3701431,309.42102,405.7283166,35.90980258,1,1014.3916,0.001851629,0
23.9823121,40.80206471,297.286813,389.7112273,37.19431388,0,1016.890278,0.002618236,0
23.93547474,40.38403342,278.6435748,383.3057007,34.70468774,1,1017.702777,0.002224994,0
22.965621,39.8290007,324.0777283,384.0330862,36.82029642,0,1018.666123,0.001630369,0
24.52019956,37.70565276,329.0575048,390.6309128,34.79151348,1,1006.805197,0.000844793,0
24.24050402,39.03306321,289.3430437,399.0133585,36.67110601,1,1008.085894,0.002020503,0
25.00360203,40.78124379,290.1205414,394.2874053,34.25578771,1,1014.480578,0.00221475,0
22.7543587,40.62268985,294.8673904,409.0881928,31.85572804,0,1010.858314,0.002129464,0
25.50619364,38.13801893,248.2190212,391.8520215,36.76481075,1,1011.5782,0.001958019,0
24.16851608,40.10508659,304.5977501,384.220844,33.30482037,1,1005.303655,0.001503351,0
24.3725345,37.99424719,299.1044963,397.665811,34.85599553,1,1014.193058,0.002047715,0
24.26669718,40.3259354,281.8388311,390.0776698,32.55359104,1,1020.545356,0.00269622,0
24.80836528,38.05381015,296.2332939,359.0242102,36.90821537,1,1003.414225,0.002092403,0
24.9611088,38.70894715,295.2520225,408.2892434,36.58339349,1,1012.073207,0.001487917,0
22.93856908,39.44572541,299.4075247,383.8023061,31.62244111,0,1002.315337,0.000748329,0
23.53042457,38.12597909,293.5831773,411.3832259,37.43745218,1,1009.074728,0.001621925,0
25.26159674,40.85021608,294.7874794,397.0429992,30.92458137,0,1013.614445,0.001414675,0
25.58910721,41.63045463,287.5499845,405.7286974,36.980704,0,1018.278493,0.002214927,0
24.410843,39.27753978,320.6626508,376.8023512,35.63724838,1,1016.218237,0.002318401,0
23.17870994,39.56672316,294.2420926,406.0157515,34.82190505,1,1020.750418,0.001507803,0
24.75812326,36.90417262,316.464153,390.7705953,35.15945934,0,1012.317986,0.002374716,0
25.7243494,41.2069405,252.316744,409.3062598,33.62256291,1,1009.114385,0.002440006,0
21.82996966,38.92995572,276.7800188,392.7729386,31.69837103,0,1012.613201,0.001813409,0
23.80584116,40.62219521,288.7848259,414.4612824,39.63084172,0,1009.068854,0.001941757,0
22.64841224,38.49624051,309.5395077,370.6953559,36.91180713,1,1015.278658,0.002059072,0
22.69818935,41.87945283,320.7457809,410.701353,34.71734659,0,1005.449229,0.002687622,0
22.94120062,41.24306574,279.6049566,390.9661409,37.07506777,1,1017.036477,0.001657591,0
24.62864655,39.58484505,290.5305663,384.464306,37.09279347,0,1009.785721,0.001788565,0
24.25345345,41.17827478,308.8239283,404.0683529,36.46803436,1,1017.728836,0.002162494,0
24.23361535,42.57407106,292.2131893,425.3880581,35.14604693,1,1016.163511,0.002023373,0
25.52254697,38.56271174,302.3317845,413.9045755,35.73819538,1,1007.92736,0.001035361,0
24.33878921,40.11837571,298.822007,429.7420558,35.51784394,0,1022.283012,0.001892487,0
22.75181067,38.27039481,282.3048881,430.5757212,36.09548552,1,1015.128401,0.002280981,0
22.06830573,37.96273331,303.6173179,390.7435169,33.33186172,0,1012.632841,0.001901857,0
25.65583947,39.22452494,328.5790589,412.9331289,35.53093093,0,1014.628985,0.002519684,0
22.54584152,38.02614436,291.4801452,404.261869,32.85688398,1,1010.565103,0.002770039,0
22.48067718,41.91910202,315.8235712,379.3083795,38.74465553,1,1018.077289,0.002059983,0
23.24347398,43.4681132,328.5668444,409.3412246,37.02698242,0,1009.103763,0.001594254,0
23.54316969,41.13404512,313.9798113,375.000506,33.90707451,1,1008.55594,0.002128252,0
25.30543775,40.3384074,317.0674736,399.3717485,34.73394326,1,1009.377322,0.002302476,0
23.48916757,41.96033905,280.4260688,399.8134599,35.83110048,0,1010.384269,0.001912907,0
24.33273419,39.5486465,322.1650537,389.5746921,35.43443606,0,1008.950258,0.000953245,0
24.42534777,43.73249876,294.4247547,401.9162651,34.85868871,1,1005.951477,0.002575946,0
26.22964428,40.11173085,286.8912811,395.8982348,39.81590208,1,1020.195115,0.001762153,0
23.43427163,39.10716287,306.3387615,404.6675904,34.28832105,1,1009.157406,0.001456392,0
24.4274262,41.22365386,328.6867157,407.9487046,37.41619846,1,1018.522423,0.001470371,0
24.28238826,38.45636857,291.4650159,397.2149362,35.48315228,0,1014.512355,0.002009348,0
23.2291036,40.03151987,294.8363295,380.1825429,35.49140549,0,1005.768495,0.001296654,0
24.94196599,38.17264845,302.7704883,406.199941,33.22193786,0,1016.444692,0.002764298,0
25.96466006,39.88532529,292.4830572,414.2958698,34.21576366,1,1016.314117,0.002804632,0
25.09869312,38.91219643,273.6050362,417.4949997,35.18367382,1,1012.51697,0.001586293,0
24.26299509,41.41690956,293.3138462,413.5756227,35.25144039,0,1017.460576,0.001211044,0
24.28742994,39.51536134,353.4900604,413.3281325,38.48047452,0,1007.604862,0.002015825,0
22.81804714,40.17122451,332.7406185,381.7720373,34.95163971,1,1015.71598,0.001304922,0
23.28042998,40.23478017,274.5505505,400.672457,36.2244435,0,999.8650566,0.001630735,0
23.73292213,39.83446826,304.9477969,414.6218642,34.15996828,0,1013.960948,0.001518342,0
23.2849629,42.14846854,333.499247,398.0832039,36.05693589,0,1013.398263,0.002627471,0
21.68171831,36.46243671,279.5840748,401.0588168,34.15853761,1,1012.743485,0.001699523,0
23.52593921,39.23455807,257.2637978,398.3244669,32.02044982,1,1015.493187,0.002106629,0
25.41733279,36.28694967,319.766229,395.0702755,35.29689225,1,1010.475531,0.001784938,0
25.45645807,41.29519598,303.0228983,367.4549955,34.75335483,1,1015.510222,0.002491298,0
23.81225931,38.64920908,301.755866,390.1736251,36.18002816,0,1012.440945,0.002299894,0
22.40468829,36.91997428,290.0207889,402.182976,31.08385641,0,1012.281769,0.003209481,0
23.13299888,41.44122299,285.9807367,407.6506885,35.93363354,0,1014.283095,0.001778926,0
24.48458383,42.10601652,310.0548793,379.9358473,32.33175225,0,1017.400898,0.002562186,0
25.19040521,41.69775338,320.2824158,420.0314554,34.42842518,1,1010.195633,0.002180571,0
22.17327619,39.01540856,266.5710307,395.8935231,39.5001476,0,1008.536993,0.002090381,0
23.98891833,37.90644581,295.0723788,395.4895531,34.3004959,1,1007.582194,0.001655652,0
21.34674827,38.47809686,273.9002722,389.6746093,38.31057394,0,1012.489463,0.001631535,0
24.33247073,42.51785397,333.1595757,391.7351611,37.53283282,1,1006.119477,0.00258701,0
23.26097571,43.49209048,303.019682,394.8683016,37.14131762,1,1008.809885,0.001762557,0
23.61051357,39.10185725,304.6625652,411.418032,36.61281405,0,1006.765769,0.002464779,0
24.29780386,39.97566063,312.8921917,382.4314559,32.85590303,1,1002.104659,0.002248571,0
24.5774361,39.28751237,316.068367,384.4406595,34.35340179,0,1010.222841,0.002952568,0
24.07449556,41.03598231,265.1507237,391.087044,34.20761742,1,1014.796429,0.001637048,0
25.91950021,40.48089498,285.0823806,400.5828955,36.94292231,0,1006.973925,0.001495055,0
25.92746667,38.68493581,296.1042395,420.4080156,32.01802033,1,1012.404247,0.001670669,0
23.15500287,37.87134863,266.6471039,410.5102111,36.80197405,0,1013.354141,0.001899169,0
23.09386866,41.5317427,275.6611358,399.9679698,36.17957567,1,1016.156594,0.001250614,0
24.89748104,36.72330338,324.8571928,400.4179033,35.49894381,1,1013.636477,0.002057003,0
23.77453827,36.31110568,270.4168353,409.8597102,33.81977051,0,1014.928847,0.001953954,0
24.75991414,39.78958883,301.793594,406.3645943,30.28665921,0,1015.344617,0.001878583,0
23.49108539,39.78231972,305.4882909,407.1966479,39.42782421,0,1009.326889,0.001234311,0
23.8619399,35.76899369,311.4472733,418.4440742,33.55058812,0,1013.44783,0.001618373,0
21.63964714,41.86592472,303.0164142,385.1162218,36.72079198,0,1012.379296,0.001861064,0
24.62239299,39.0096492,330.070502,388.6523778,38.05570845,1,1014.15001,0.000669874,0
25.99413363,39.34043507,306.9647013,414.2548295,35.50678539,0,1018.254585,0.00204033,0
23.94820691,37.2748344,317.2000061,382.089029,34.17633618,0,1014.120405,0.003116089,0
23.15405448,44.44466885,278.7523262,402.6895428,33.8799625,0,1008.533447,0.002052354,0
22.89067983,38.68176849,310.6157797,404.4168519,37.03311633,0,1010.518516,0.002255074,0
23.83372358,39.80523523,296.0783791,397.6257339,34.80288536,1,1011.541893,0.002538013,0
21.47793499,40.62385905,282.1665635,407.8054244,32.3253391,1,1007.314092,0.003092585,0
23.6928063,40.2864249,271.7660084,402.0235172,36.63140474,1,1017.177175,0.002537149,0
23.70978222,40.8806605,307.8700517,399.0497017,38.06421715,1,1015.105029,0.001486363,0
23.15098767,38.19593466,295.4080441,373.2141951,32.32723245,1,1001.955261,0.001817378,0
21.31781941,39.47026191,312.6407335,414.89583,36.4996721,0,1013.132612,0.002045664,0
23.81990438,45.1097385,276.7956304,408.2606231,38.16553452,1,1006.668409,0.000907014,0
24.94129577,42.20616535,289.8286696,404.4587317,34.16276821,1,1018.733989,0.002794466,0
25.10559003,43.43896265,274.289486,378.5485781,31.73295049,0,1007.116585,0.001599211,0
24.41592373,40.27118058,325.7698819,411.5390162,38.04172921,0,1016.107233,0.002671341,0
24.969756,41.75582948,292.8409983,404.5109273,33.57872301,0,1007.251865,0.001555259,0
23.67351832,40.62790972,348.4679831,400.7034926,35.32414583,0,1022.299492,0.001602892,0
24.72372921,37.14121676,274.5195856,392.1206994,35.97556257,1,1010.34417,0.00167455,0
25.22665725,40.00451073,304.2998691,431.6558818,32.76148306,1,1007.876313,0.001789403,0
25.34648366,41.76588877,293.9901773,391.7345907,35.0894584,0,1021.843977,0.002150232,0
23.57403961,40.7030895,328.8760283,377.2459321,33.02568723,0,1012.8106,0.002170024,0
23.92295049,34.91773796,273.6999245,400.8556541,34.57522427,1,1018.18927,0.001426881,0
23.54719605,36.23892463,296.6180827,431.7382091,37.07425664,1,1018.227389,0.002036485,0
24.57561109,40.66721745,305.9555304,394.6467681,34.01911452,1,1006.96094,0.002332884,0
24.24936958,38.5933954,296.115167,404.126488,34.55377652,1,1027.718203,0.001519265,0
24.82113201,40.87609953,338.7440343,398.2275133,34.06180447,0,1007.745674,0.002703628,0
23.94406308,41.83203208,327.7651067,389.6788097,35.67818822,1,1007.102735,0.002187059,0
24.43651778,38.8863437,316.5796911,410.471691,33.59870622,1,1007.90737,0.001847651,0
23.27435788,38.42501944,286.1047808,413.9112759,33.15596236,1,1012.535649,0.002844989,0
21.7034308,37.07796781,302.6061307,403.5525838,32.3741027,1,1003.591158,0.002454211,0
22.55625413,37.29858361,332.3210156,413.0745569,31.45738564,0,1005.60137,0.001366255,0
25.48497867,41.6356271,282.8919059,406.1950702,34.50281389,1,1014.617907,0.002486373,0
25.42028905,42.18566943,297.5356359,409.9384738,36.54303811,1,1012.345256,0.001663293,0
23.91801859,42.73116618,256.3880507,382.8200421,35.88766171,0,1012.489537,0.002032892,0
24.11794774,42.9173469,333.2318434,384.9241963,32.74779472,0,1019.007035,0.002244186,0
23.75101885,39.22851002,286.3770912,428.2870718,35.57607745,1,1009.625475,0.001562861,0
24.45707009,43.79940283,291.4808416,398.1065223,32.97474273,0,1014.620266,0.002013696,0
22.13716742,37.58660314,309.5602074,427.0357076,37.81295375,1,1004.844732,0.002370248,0
23.06873907,42.51760307,344.7709642,404.4954427,31.10236146,0,1015.68971,0.00236491,0
22.89947463,39.44763754,290.0127762,391.805966,35.2171708,0,1005.783502,0.002152093,0
22.25444203,39.99171597,280.3130783,379.521064,38.90981772,0,1015.538342,0.000834421,0
23.63541912,38.82728658,318.241917,376.1945467,37.4090922,1,1014.623046,0.002163457,0
25.35008067,41.86352628,309.6077907,384.6915211,32.7554257,0,1013.686212,0.001786981,0
23.78748049,36.16124052,332.3031202,406.3916216,33.26142809,1,1013.625041,0.001797075,0
23.68988756,40.21201464,304.5370222,382.1265965,34.91523086,1,1009.450924,0.002734779,0
21.90681242,39.86586321,278.6879347,427.71048,36.18593374,0,1017.808924,0.002280705,0
25.10780453,40.29985512,268.1065315,383.8709591,37.39338639,0,1016.982665,0.00197927,0
24.56888561,39.26736097,293.5435584,405.4663166,34.89916995,0,1016.204775,0.002019122,0
23.44608526,39.16391745,317.5827686,435.0794439,33.53209678,1,1012.987223,0.002547125,0
23.14204527,42.48228982,267.1146048,394.4464736,35.47595042,0,1012.139155,0.0015316,0
23.91421516,41.16853204,319.3704418,385.5697811,31.74475736,1,1013.272163,0.002009186,0
24.67692303,39.68525839,267.6602969,385.4186157,30.93939809,0,1013.520761,0.001785174,0
23.12650951,35.93881319,315.6354905,402.3256342,38.15144528,1,1008.95843,0.001203006,0
26.27084496,38.63665687,289.3744314,409.7520405,34.77973672,0,1018.174961,0.000646712,0
25.41994174,37.77624756,331.9166683,394.2045849,33.99280748,0,1021.607486,0.002185993,0
24.13884282,39.53477933,294.7279796,406.7571277,34.81110866,1,1006.737838,0.001757871,0
23.59535023,35.73675649,298.9403409,416.212807,34.14536426,1,1008.866239,0.002099029,0
22.91328207,39.16212381,304.8668198,391.9984879,37.13755458,1,1017.440452,0.001821651,0
23.6644556,41.64459429,287.8414762,377.6887798,37.89240426,1,1007.699183,0.001595427,0
23.269937,40.36126521,303.3893675,418.4500953,34.49434546,1,1013.072574,0.00248546,0
25.08649926,41.4037915,297.1338952,423.497093,33.34383186,1,1008.598072,0.001684852,0
24.29364335,34.44268235,279.6913119,389.7135414,33.34632785,1,1008.702942,0.002424206,0
21.73111665,41.04233946,304.5459053,411.2905338,34.49929871,1,1019.58949,0.001254182,0
24.2569337,36.90339142,308.9655618,399.4978501,35.00446969,0,1015.8692,0.001301664,0
26.44549073,43.75049664,290.0929397,421.4632379,38.61321941,1,1008.085946,0.001450437,0
22.36124943,43.43663475,313.4567051,409.226754,32.50902788,1,1012.564287,0.001759213,0
21.74787159,43.8561443,284.2602095,420.1478419,35.35761442,0,1011.617963,0.002714337,0
23.6855709,40.86214302,304.3248809,407.3435747,34.98513213,0,1008.567044,0.001704111,0
24.07456874,36.77648452,296.8682229,370.6684373,38.31350224,1,1009.253649,0.00155142,0
22.26717922,37.99926383,323.9108581,388.4970655,32.93067733,0,1012.838746,0.002399308,0
23.35755942,39.95536106,310.047622,407.672582,34.33602678,0,1004.614311,0.002037306,0
24.60884634,39.3153199,307.9232821,375.8238535,35.6184232,1,1019.663516,0.002211871,0
24.31903987,39.47561599,307.4227428,401.552229,36.79130502,1,1010.88935,0.001725646,0
25.24842328,40.71289372,276.9499677,397.2566164,33.50701554,1,1015.379618,0.002352677,0
22.31986112,41.63264879,291.5336863,424.4298821,36.67375139,0,1011.976424,0.00273666,0
23.24283988,40.42671325,270.7074096,404.4408136,34.65573942,1,1017.704543,0.001390237,0
25.32675066,42.36691086,304.2242341,411.7071751,36.24209905,0,1005.756673,0.00187954,0
23.56436282,37.36020032,264.8083912,410.5959459,36.00422678,1,1008.034423,0.002176656,0
23.50989921,42.61723149,279.9320535,392.799309,34.91296951,1,1019.034837,0.001828243,0
26.00973287,40.23749005,297.5900651,402.4779489,35.60142905,1,1012.076582,0.00298496,0
25.22142138,37.53792858,298.0873448,404.3322122,35.26738549,0,1011.740981,0.002029657,0
22.79269406,40.84992991,344.3015768,388.4926898,35.20584459,1,1006.334503,0.002885335,0
23.91691801,41.42166421,278.3420516,388.5799562,35.33232031,1,1016.575545,0.001053745,0
24.42668691,37.73905478,349.8041899,391.6561967,33.92146485,0,1011.208181,0.002425099,0
24.0513019,37.21522916,281.7853189,404.2909986,32.83351604,1,1008.279608,0.002149896,0
24.90304756,38.07725149,313.067087,372.8874546,35.59120747,1,1015.271478,0.002370874,0
23.53959197,35.28879811,314.4340842,397.2268697,35.92264959,1,1007.077042,0.002150158,0
25.43152565,38.92607101,292.7088324,378.5404543,33.85280758,0,1016.348039,0.001729263,0
23.01943825,40.78240263,322.3409667,406.1935305,32.93558465,0,1007.060152,0.001045262,0
24.56084766,35.79699489,315.1666043,398.4388829,36.1475446,0,1012.405824,0.002068012,0
23.5022427,41.42944491,304.9435509,359.2253816,34.90046072,1,1014.543928,0.002012012,0
22.43334434,40.46255656,291.7286345,386.6353689,32.60883785,1,1010.289916,0.00263064,0
24.99581847,44.77083519,302.2879034,402.2279493,33.03748012,0,1012.67407,0.001460471,0
25.09332952,41.22605938,278.7945426,382.4217132,35.76803289,1,1012.371306,0.002206168,0
25.13410257,36.83354659,286.0326367,395.1532147,34.51852965,1,1015.682923,0.002509475,0
23.70727481,35.00282237,280.6171407,427.9092227,33.38228775,0,1004.127755,0.002123136,0
23.05365362,39.10429566,290.1106269,380.1912959,36.0413665,0,1013.866727,0.002381122,0
22.8845457,39.20752774,313.5251059,408.8935076,33.78460668,1,1025.555257,0.002720544,0
23.82976597,39.69346233,289.7721205,406.4692075,36.54083844,1,1010.802061,0.001819392,0
22.83791567,41.96843532,307.235577,419.8183564,34.36471773,1,1016.662571,0.002491611,0
22.74058655,39.52150667,305.1152944,408.420168,34.17307015,1,1015.657279,0.000954824,0
23.88314886,39.86137702,274.272334,417.6662596,36.22322205,1,1021.289998,0.000999135,0
23.72878404,39.22569029,311.991836,408.516135,36.50813692,0,1013.937285,0.00273438,0
25.02352069,40.71034995,324.1260094,377.1221103,34.03425482,0,1017.824878,0.0024797,0
24.64192019,35.40999783,333.2233155,391.6332743,38.84688311,0,1012.841378,0.002392557,0
23.42942934,43.52438304,305.060406,406.6364294,33.75029295,0,1010.672967,0.002054104,0
24.54997242,40.53768583,325.6962736,395.5587456,34.12267763,1,1020.899909,0.002332954,0
22.40536559,39.96766016,322.9650261,379.4118929,33.87903255,0,1018.875884,0.002673146,0
24.06814183,37.91485854,286.4942411,411.5231544,33.75698856,0,1003.133411,0.002864829,0
22.40836082,39.31055662,291.0053464,390.9524795,32.96711214,1,1009.693938,0.002383669,0
23.73580815,44.96507856,299.0583106,406.2901603,32.17519103,0,1011.481605,0.00252627,0
23.75490019,39.81591308,277.4982119,436.0056063,38.06305147,1,1019.166802,0.000714434,0
23.76413617,37.82714926,303.279088,405.906188,37.58729251,0,1019.137378,0.002344329,0
24.90779197,40.05724588,304.4089122,431.3986557,36.59097322,0,1020.746385,0.002378911,0
21.89287203,40.13021923,310.9544213,387.4481779,34.58106668,1,1012.169195,0.001385393,0
22.07022668,36.4637439,279.2322045,396.419515,36.85609373,1,1009.062744,0.001668673,0
24.99106409,39.56641574,327.284321,415.0382306,34.47465195,0,1012.348449,0.001976353,0
24.61848385,39.22422105,340.5088375,404.1002696,33.88098436,1,1014.794187,0.001939807,0
23.89878656,37.14956727,308.8094219,385.375314,28.6308881,0,1021.631486,0.002756944,0
24.86727506,38.51755037,298.2951943,408.9182787,35.47070903,1,1012.232933,0.001571457,0
24.18481835,39.99184297,282.4662445,393.4592185,33.7775111,1,1015.904602,0.002219227,0
24.18675848,40.23553902,279.6767941,413.9949106,33.26104301,0,1015.856059,0.002807605,0
22.98603058,41.00805428,327.2087017,420.0533716,34.6925431,1,1018.039404,0.001489204,0
25.01953871,41.88490721,305.9634367,418.2349901,32.92413738,1,1011.563083,0.001748734,0
24.56327101,38.43371747,283.3577124,406.4030712,36.31108971,1,1010.397287,0.00163217,0
24.33892776,42.21808024,281.4778274,400.6145196,32.46433322,0,1012.827582,0.001721192,0
26.02967034,41.12228705,272.7245816,402.5845804,33.72058949,1,1004.399729,0.002255367,0
24.09332632,36.71181065,310.6117971,404.5445741,34.48286199,1,1008.015565,0.001362947,0
23.37508869,40.63277863,293.5729439,403.1963352,36.24406522,0,1017.425573,0.00112656,0
24.25456722,40.39941943,293.6741172,387.3381271,32.46757561,0,1009.106431,0.001933671,0
24.65886072,40.72188412,297.8379115,394.7486427,34.75999573,1,1006.676312,0.002406831,0
23.64091641,38.22010011,290.9285669,387.3577365,35.31029742,0,1016.288295,0.002140907,0
24.54144057,44.19843722,308.4359828,386.5088645,33.41833776,0,1017.85057,0.003329673,0
23.87423218,39.84897636,292.9154172,371.9574979,32.84206974,0,1009.162172,0.001551669,0
23.06549899,39.63549002,321.5463123,421.4911133,38.02711495,1,1012.840505,0.002615092,0
24.14187557,41.80122725,305.9883251,405.3920504,33.33179392,1,1011.731261,0.00191026,0
23.56845371,40.24112059,323.6609464,382.1347175,35.56063225,1,1012.33688,0.001735805,0
23.28573887,39.33558786,299.541096,397.3096758,35.69915599,1,1004.971352,0.00209919,0
23.77852974,39.30712884,299.4798598,400.7924421,29.04098269,1,998.0010198,0.001469041,0
24.3329124,41.54684163,309.3692861,388.6583788,32.45010909,0,1007.504111,0.002424504,0
25.46908247,36.82412859,318.5741376,399.2946132,35.45022422,0,1012.265712,0.002563047,0
22.86242694,40.10034675,295.924524,377.42887,32.01862523,1,1001.453565,0.001886052,0
23.79412185,39.37183811,311.5324967,399.4132799,33.94703941,0,1012.715561,0.00210831,0
23.96239065,39.55103532,292.6964119,411.3845019,35.82404067,0,1018.58755,0.001792037,0
25.02755887,41.37811635,298.4992763,407.9043638,38.23269468,1,1005.542692,0.002957434,0
23.4541726,38.62024008,308.7164492,412.8171867,36.75510163,0,1013.722965,0.002046432,0
23.09784677,39.50227997,296.4590484,410.623205,35.1553107,0,1009.65222,0.002429281,0
22.30786155,38.73043675,332.6140315,387.6409271,35.14299581,1,1014.875458,0.002018423,0
26.37628318,41.52729424,282.8717326,396.7700403,35.14072582,0,1010.841921,0.001964588,0
24.40627597,38.85182257,284.8411251,409.4912295,33.83053502,1,1014.810552,0.00204438,0
26.29400176,37.4751253,270.5457778,402.8528015,35.08419938,1,1012.302354,0.001612241,0
23.71646377,42.24725084,312.0060515,426.3754742,34.47729839,0,1017.221204,0.001766421,0
23.13078722,40.21670037,300.151515,386.5804434,37.40060327,0,1019.586321,0.002596096,0
23.84637454,41.6023217,297.641512,374.088458,33.52977761,1,1010.892032,0.001514179,0
23.31325338,41.32517853,272.6001121,389.332196,30.69199043,1,1006.395743,0.001654068,0
22.27308895,42.87344432,310.3305604,393.5706804,34.85970492,1,1009.897141,0.001573551,0
23.00070051,38.99112041,282.0133675,404.8915695,34.12651803,0,1015.647134,0.001813532,0
23.00796924,38.07106122,278.0457028,382.2431352,31.55545846,1,1009.884303,0.001516833,0
24.01080021,39.29080633,346.2920866,400.8197582,35.55256734,1,1013.501194,0.001680098,0
23.70677842,38.87638796,276.3017869,389.5667087,39.3425745,1,1014.098204,0.001956682,0
24.33409105,35.34481779,285.1320756,390.4925785,33.42081705,0,1012.837757,0.001725834,0
24.88435008,36.1655382,311.1113788,386.9926564,36.34068163,1,1013.598012,0.000572047,0
23.42640389,42.14970564,304.6422162,398.9754117,33.51328242,1,1008.035317,0.001940506,0
23.25314947,39.20927806,299.668213,405.0701506,36.53792762,1,1011.832081,0.002216015,0
25.04498661,40.39237114,319.8161278,392.1263864,33.2568013,1,1014.715003,0.001880964,0
24.20802729,37.82194271,277.2919127,398.8964157,36.31508037,0,1005.552921,0.001448237,0
26.18303676,38.05896345,291.2538206,377.461051,38.17715299,0,1008.144922,0.002044293,0
25.52905308,39.26833146,284.1592248,378.3750458,34.00685644,1,1012.476132,0.001483435,0
26.19033003,40.7267656,286.8083266,405.9470921,37.01291628,1,1012.571305,0.002528661,0
22.76985788,37.93041674,296.61558,402.3627266,38.2365228,1,1014.104654,0.002081264,0
25.46053419,42.66116209,285.7773945,398.072224,36.31135213,0,1010.742215,0.002250368,0
23.89519751,37.82101229,297.2434435,395.5294463,36.23336704,1,1003.203249,0.001985776,0
25.6535082,40.27200854,287.7741886,388.7452518,34.31844762,0,1019.363285,0.001615609,0
23.49370369,41.261062,305.424785,395.014093,37.34853036,0,1002.610533,0.002150759,0
23.44944153,41.38960624,287.4893572,385.1224452,36.93106154,1,1000.740418,0.002147488,0
21.80297606,40.22303448,291.5732314,413.7495376,34.77160708,1,1014.828579,0.002213117,0
25.63600692,40.98837948,296.2377304,419.4876006,34.29494546,1,1009.926351,0.001805581,0
23.67306562,39.30596364,325.4857772,417.0895797,33.20775503,1,1016.387864,0.00163136,0
22.18767973,44.66132031,290.5166407,411.97934,33.3912889,0,1007.379832,0.002160415,0
23.98801205,40.48862152,280.230747,400.1429796,31.16081771,1,1003.643973,0.003049716,0
24.96968025,39.34999144,318.7627168,405.4574366,34.99116873,0,1016.925625,0.002435117,0
22.22163427,40.361518,300.4559266,432.8705376,40.09202473,0,1009.191529,0.00134903,0
25.38575817,40.68801001,253.4630747,394.3967443,35.8100907,1,1012.201818,0.001495745,0
23.2517885,39.80551711,295.4993643,410.0446258,36.57182005,0,1009.042736,0.001990762,0
24.10689259,42.05007906,295.7504122,386.8890173,32.07947653,0,1012.318796,0.00290126,0
23.625529,38.75004241,292.0744044,443.1216879,30.19562999,0,1010.167148,0.002174175,0
24.02335965,42.18035914,280.0012705,396.1369309,32.88569904,1,1016.680941,0.001815431,0
24.56095255,40.9955366,309.7275691,393.5079094,36.82233478,1,1003.347234,0.002058096,0
24.48291613,41.81710715,281.4580069,408.6488882,34.51672742,1,1014.70582,0.001725254,0
24.53142645,40.31469678,270.4861049,423.2280124,32.65030217,1,1015.445792,0.002623546,0
23.7237337,36.95121723,291.4520551,403.8458142,34.43460357,0,1005.017241,0.00180996,0
24.06049284,42.01357918,265.0659101,398.8817483,38.4972602,0,1010.173588,0.0013479,0
27.05869461,36.63223765,296.1167928,407.8449812,36.62971917,1,1017.288155,0.001525343,0
24.39555838,40.34997359,291.5637327,410.9309868,36.03471276,0,1011.540147,0.002194301,0
23.91221225,42.82830298,290.9785712,409.8448702,35.74359596,1,1017.865882,0.001495402,0
24.33516748,42.34528533,261.2714239,420.3937281,35.90250417,0,1010.554194,0.002538502,0
24.37085601,37.96611329,291.174648,392.2892733,35.41474361,0,1017.316481,0.001583627,0
24.13928968,35.66861205,281.8926668,417.3280474,36.24032651,0,1013.983859,0.001700752,0
22.70544159,40.46397696,297.6254439,392.7267091,33.97950996,0,1012.124567,0.002085985,0
23.45437222,40.33135013,303.1014642,408.3220203,35.30329884,1,1018.025485,0.003173259,0
23.96142651,39.90210029,348.1201821,400.489112,40.13559138,1,1007.697376,0.002164746,0
23.86375924,37.44289241,313.69193,406.3624308,36.7251919,1,1008.5553,0.001611946,0
24.30553942,39.26795673,314.8611215,383.4036102,31.67169941,0,1001.328463,0.001693476,0
22.96942942,41.42376993,304.8681688,421.5333508,35.14087336,0,1015.638193,0.002140901,0
22.25321818,39.90150239,322.7623994,400.2443793,37.65485471,1,1003.986866,0.002089756,0
25.76389412,37.15325136,271.0685948,376.002308,36.38833433,1,1012.610906,0.002105442,0
25.95321497,37.72822812,257.7733317,429.610093,37.56635792,1,1015.782413,0.002414043,0
25.06977371,38.51890301,300.7607114,417.1516833,34.82515606,1,1014.020799,0.002765951,0
24.32619813,40.78318433,305.6174316,390.0428042,35.82925311,0,1007.148939,0.000825774,0
23.9427093,37.59685254,311.0134704,391.2524184,34.51061371,0,1014.267643,0.002354258,0
22.71510846,39.62431886,291.7873167,394.7072533,34.68680269,0,1010.495067,0.002707377,0
24.21818273,37.87767483,312.2775275,407.6664173,36.24036496,0,1006.542107,0.00184321,0
24.46968754,40.54695436,307.4622644,378.7175379,35.5789269,0,1014.603924,0.001001444,0
23.68143292,41.25256921,301.5915956,408.0672613,31.5284761,1,1006.476846,0.001806185,0
23.80013161,41.67597955,307.645468,426.2296737,34.97425454,0,1017.670435,0.002043072,0
23.0791734,43.14244048,303.880501,414.3958445,37.77409241,0,1011.872958,0.001207622,0
23.46865982,39.2109458,298.68684,396.7130688,36.43207537,1,1014.064102,0.002600276,0
23.95146234,40.03333605,316.6629077,377.3970702,37.49499647,1,1011.359512,0.001182593,0
23.0299875,41.25610558,288.0884541,422.1206542,35.39410286,0,1008.799689,0.001814679,0
22.05317171,36.91856069,289.1445851,423.7254682,35.43834393,0,1011.668827,0.002098067,0
24.41552838,38.28757126,299.5231255,385.4215931,37.25089993,1,1008.451664,0.001887451,0
24.52941377,41.74319741,321.2016153,386.4894767,36.75943975,1,1003.383348,0.001947017,0
23.249151,39.72775925,313.4448037,366.793541,37.66432945,1,1016.644423,0.002600369,0
25.00102486,38.97276589,311.1640885,386.4267324,37.28919295,1,1001.511401,0.001611018,0
23.87680936,42.78749802,328.3037721,398.2105538,34.55702921,0,1015.13624,0.001789324,0
25.42730229,42.56381003,285.0095908,413.9827226,31.71439146,1,1014.339038,0.001693488,0
24.72224772,40.05747029,308.8929697,383.6196302,35.08480872,1,1013.988423,0.002321749,0
24.11038375,37.46633995,306.3836289,389.865451,37.96257825,0,1008.420999,0.002119082,0
23.69888269,43.37466747,283.8371335,421.2791483,35.08291455,0,1005.735847,0.002559116,0
22.60796727,40.03458402,297.9345654,383.9672154,36.58102829,0,1009.149414,0.001835179,0
25.59978328,42.48153472,301.6279585,379.1380584,35.19870692,1,1013.320046,0.001986198,0
24.8731171,41.54746036,325.5629785,431.6017148,36.8549393,0,1011.612497,0.002461897,0
24.4975099,40.60254557,324.7829524,409.9260082,35.03090387,0,1006.568581,0.00196535,0
23.34735707,40.4156036,300.5572216,417.4763136,34.5617281,1,1015.416225,0.001765809,0
23.19504731,40.83559974,289.4580484,392.1596394,31.64644969,1,1009.267804,0.002439767,0
22.44894285,41.84073352,304.6817367,402.7927051,34.22208503,1,1013.671198,0.001652565,0
25.06644381,40.82373512,298.5439752,396.2707612,33.98283189,1,1016.876698,0.002356603,0
25.34769252,40.24422409,272.1740077,424.2374596,36.17427113,0,1020.368995,0.002217407,0
23.74329157,39.14283796,311.4862915,412.8795476,34.95034966,1,1023.648188,0.002050788,0
24.69706045,41.61743816,315.6419432,397.7363699,37.61253532,0,1014.753536,0.002111355,0
24.36377804,41.24531666,345.3726348,411.7733219,34.10441176,1,1008.36767,0.002490514,0
24.91386866,39.51370582,300.8404637,393.4697651,36.26488173,1,1014.391918,0.001715676,0
23.28827519,39.42829684,297.8001939,370.5088842,32.38690496,1,1012.993566,0.002496747,0
23.98871287,39.43841259,309.6826869,404.9987734,36.45245032,0,1016.00139,0.001805769,0
23.34361482,39.71314882,334.8567205,389.2749311,34.3820662,1,1008.148608,0.002231695,0
25.02989477,35.1824012,321.2621424,390.9907462,33.27741872,1,1016.0324,0.002680124,0
25.16862303,39.41796615,292.3002632,400.761998,36.1508996,1,1012.193207,0.001453208,0
26.83062795,40.40173254,306.0004901,399.0735767,36.5959237,1,1004.474473,0.001775432,0
23.63367324,41.23535488,289.1664361,391.978768,36.81403793,0,1005.277355,0.002726481,0
25.1213618,44.52491437,289.1840266,400.7015249,37.41681798,1,1015.488546,0.001806012,0
23.99995512,38.76076411,297.3683153,397.2577743,35.75399406,0,1014.326656,0.00167572,0
23.93739001,39.78715832,328.3019635,343.550722,35.73176287,0,1010.349251,0.002454966,0
23.00978834,38.22301936,303.3745959,418.3154954,38.43312275,1,1008.561033,0.001891458,0
24.59849148,39.72721364,306.8775633,409.4450111,36.012787,0,1002.398256,0.002345397,0
23.51073385,38.7952934,295.7424666,442.4473431,33.41361926,0,1006.871278,0.001693211,0
23.18883944,38.58496085,300.9148901,406.025228,35.42903477,0,1016.438508,0.002409543,0
21.35000213,41.02788109,291.9272989,380.2079955,33.37477972,0,1012.21243,0.00224567,0
22.40997797,38.91264202,319.6218651,423.4485433,31.51817328,1,1011.184147,0.001510648,0
24.48796701,40.98100653,290.1082519,391.0302634,30.48932402,1,1006.43583,0.001937882,0
23.6714918,40.2294899,279.3769918,382.4226878,33.14286661,0,1014.373876,0.001956576,0
24.73418531,37.59306406,302.7909733,396.1554304,34.86493454,1,1006.191065,0.002788056,0
24.95562465,37.63116091,289.1015614,405.9319219,35.18600687,0,1020.939216,0.002314601,0
24.65370417,39.29593353,312.6833615,388.7370429,36.32492861,0,1009.189574,0.002302994,0
23.80519381,42.43199874,286.0008614,404.9465538,36.49159435,1,1002.628484,0.003196997,0
23.92745786,40.67018284,275.3563418,405.2229941,36.84605371,0,1018.397849,0.000858798,0
24.37738246,41.87696874,314.5032566,391.2926356,31.72933962,0,1022.926786,0.002452923,0
21.86341482,42.44290802,322.5380939,406.7653027,35.13901258,0,1001.561405,0.001979767,0
24.74055819,41.65523549,283.2343875,409.2127015,40.18942683,1,1000.967577,0.002129142,0
24.5850978,39.10213416,296.7997657,421.4988191,32.04734992,1,1008.435181,0.000893075,0
22.79227443,41.87268448,315.927552,391.7415437,34.08517345,0,1011.455332,0.001830649,0
23.87856563,40.41536232,265.5766715,408.2618424,36.2505134,1,1004.691865,0.002194588,0
25.18755391,35.45383954,322.0681823,421.6805407,37.24400784,0,1006.258816,0.001645475,0
23.58763603,41.00334995,269.449835,411.0720714,35.70108293,1,1012.259043,0.002646924,0
24.44938765,41.84743906,279.7678486,388.4930071,29.76264114,1,1003.004251,0.002377665,0
24.76385157,41.78482328,304.3608873,407.8260239,32.35752838,0,1014.024633,0.001677521,0
24.86917653,38.77855043,309.256257,414.3574669,33.1775946,1,1013.394343,0.002738952,0
24.54975202,38.88979831,313.9863355,409.970284,31.72499314,0,1014.252572,0.002146469,0
23.22818721,40.21455271,333.7658702,374.7154041,35.55669114,1,1011.915392,0.002476475,0
23.31205722,36.84550984,284.4952058,426.1050633,36.40798399,0,1016.275343,0.001247632,0
22.00471922,40.37684746,297.0977745,421.0507124,31.25967746,1,1000.923664,0.002045702,0
25.5159448,40.62541056,296.489031,394.3654749,33.45177726,1,1018.055949,0.001692483,0
23.22885793,40.14876772,278.2033077,405.9163932,38.19416747,0,1011.578342,0.001726487,0
23.19109391,43.49784036,296.6066869,413.7023337,36.11783409,1,1008.716187,0.002117674,0
24.28404534,40.05370178,302.9589865,396.1116292,37.31570263,0,1017.529855,0.002256744,0
23.77543015,42.36453388,276.4670233,412.1963914,39.44906337,0,1006.644301,0.002454938,0
24.09990051,42.99559862,311.183863,382.9175954,35.89438275,1,1002.97212,0.002088156,0
22.69863742,40.957463,320.0395274,378.0454748,35.79053261,0,1011.077584,0.002221014,0
23.3309825,38.53667449,295.4378802,387.2177241,33.63927887,1,1012.769853,0.001735279,0
22.19971805,41.89227016,313.2692908,404.9969057,36.81858583,1,1007.731306,0.001543497,0
24.65641187,41.31889717,285.4749618,399.7509857,34.44915311,0,1007.508708,0.001824159,0
24.54804264,42.43758075,307.2002521,385.6408294,36.30627679,1,1009.50438,0.002031816,0
23.77763083,40.68428679,314.4598589,402.7861295,34.84009226,1,1009.760832,0.002425864,0
22.85514795,40.23967501,322.4536083,392.8529485,31.95189544,0,1009.942539,0.001932895,0
23.99230358,40.29577159,281.3413702,441.6690253,31.88865342,1,998.0218545,0.002907745,0
20.57114015,40.79639984,297.7489195,382.8333047,38.62983975,0,1011.859982,0.001403436,0
22.49662391,40.16036533,272.8165165,405.6795242,31.06450622,0,1017.269478,0.001517503,0
23.52824107,38.7227685,304.5084962,383.7514899,32.30043258,0,1004.693916,0.002224018,0
24.10830306,37.68139878,289.8971693,418.1626717,34.98811332,1,1011.908334,0.001414002,0
25.8145489,41.38120446,291.2540146,403.5895407,35.59460767,0,1014.62941,0.001218677,0
23.35811002,41.35398812,315.4710125,404.7277506,35.05733702,0,1013.549581,0.002241698,0
24.46558078,39.88980419,290.7701494,404.1719754,36.06727703,0,1024.34189,0.00189629,0
24.37977101,39.72888145,313.1216194,390.8103315,34.81635608,1,1019.728089,0.001943046,0
25.01960456,40.33497128,267.7280478,388.2382303,34.18183849,0,1008.750145,0.002416814,0
24.40115926,37.4355963,307.9257741,385.9569609,37.66724068,0,1015.119669,0.001684501,0
23.78377779,41.30989579,314.2904687,412.2894514,35.88809924,1,1010.437789,0.0022567,0
22.61125047,39.02747111,295.7570421,397.5338152,35.65560135,0,1010.120712,0.00153496,0
24.47049763,39.57221473,334.5641344,405.3423142,39.86945717,1,1010.552752,0.001675702,0
24.47531508,39.05962239,291.989878,403.7903591,35.01040657,1,1014.236185,0.002657061,0
25.04397474,37.73501753,289.7871987,385.6754299,33.81251434,1,1009.569911,0.002661044,0
24.88980492,41.61383531,288.4605443,413.0792829,33.67044061,1,1009.674693,0.001866481,0
24.73369685,41.32005659,270.5320118,409.8232021,35.71735517,1,1012.488287,0.002360966,0
24.52817355,41.8527856,271.2104141,421.6924657,36.43177726,0,1014.313945,0.002146928,0
23.74989528,40.6395505,274.0267832,387.574755,34.93583561,0,1013.271497,0.001779061,0
23.40686846,45.03875501,295.7450369,393.5263612,35.14690562,1,1007.027481,0.001902093,0
23.78746737,41.89794215,314.9552499,396.1058679,34.74419693,1,1015.936285,0.001877487,0
26.44884633,41.15856929,294.704322,429.0450202,37.50814125,0,1006.35697,0.001794023,0
24.49412884,38.50945291,336.643999,398.6156849,33.11306923,1,1011.372841,0.002456867,0
24.85659492,40.01673713,320.7088153,391.2935125,35.5174832,1,1005.751435,0.001324773,0
24.72179683,42.47625428,268.2261567,404.286119,35.68093075,0,1022.291818,0.002037277,0
25.05476155,39.18025723,314.5204422,394.9832579,34.56659728,0,1021.834956,0.002260174,0
25.0278892,39.21944902,323.7184348,404.2944498,33.38629344,0,1010.989031,0.0011166,0
25.00581486,42.76768688,279.1641938,389.085404,33.76495893,0,1013.46554,0.002311973,0
23.64300755,37.59426375,288.4315505,413.6955936,36.73317768,1,1018.701689,0.002247518,0
24.48241516,36.66027811,298.1375411,373.7799046,31.40686636,0,1020.407975,0.00173706,0
24.54354367,41.73502018,281.6336686,377.1385619,33.89038125,0,1014.838659,0.001998864,0
26.24716529,41.11971331,321.6880992,395.0812652,31.66359733,0,1015.158122,0.002811928,0
24.3085198,40.69565301,319.0490546,411.1776748,33.30867813,0,1009.023211,0.002576115,0
25.78350921,41.94592478,302.1016659,391.0736309,36.45779751,0,1011.456348,0.001487673,0
23.09967444,43.41220717,326.1647664,400.0804315,34.3106491,0,1004.376385,0.001921371,0
22.58263838,38.10688246,273.884738,402.4407862,34.06197368,1,1011.015568,0.000775277,0
25.13913284,39.87072295,275.6837586,404.5936219,36.42287005,1,1010.134728,0.003451125,0
24.41784927,41.50912942,292.1172436,373.4522363,32.90801267,0,1016.992662,0.001573287,0
23.79023921,41.1234881,299.3587122,416.5567704,29.35124464,1,1009.61704,0.003093739,0
23.59787333,36.86305877,324.6040875,394.1289795,39.17530266,0,1018.183908,0.001715759,0
23.73169955,40.94884164,256.2124664,403.4757589,30.6116248,0,1012.404516,0.002783478,0
23.21053036,40.31145268,315.290749,404.3919633,39.03087958,0,1010.070023,0.001133505,0
49.3024687,81.7913973,642.4526154,911.2624976,89.5138879,1,909.7800331,0.033180569,1
46.17396912,81.3142006,579.3295281,898.7206954,76.49391861,1,904.5686913,0.022899061,1
48.35414575,79.30954653,598.5102071,844.4073765,80.29310709,1,906.3808782,0.025698189,1
51.67540926,80.85519882,608.2804866,876.8715681,87.38895979,1,907.7202142,0.032626655,1
48.22813157,76.90432967,626.8618597,912.0387503,76.66748216,1,901.1776988,0.033559337,1
51.62910912,86.60387763,667.2648063,898.1060253,78.92247421,1,919.6804192,0.025506029,1
52.83860561,87.71955014,595.2231656,893.2818375,80.98665648,0,898.1565384,0.037803766,1
51.42390901,81.08447252,593.8713264,901.7942739,80.76346289,0,902.372938,0.030721425,1
53.03738691,82.63428482,609.3869484,894.2353857,83.40223189,0,888.4810706,0.035298332,1
50.36753714,84.04539781,580.7070883,910.4609484,89.72583304,1,918.4897159,0.031644102,1
50.68371592,72.4572808,634.5218748,894.365768,89.08787403,1,899.1935987,0.034221639,1
50.8496318,77.47597048,619.4224473,910.7692059,75.05772433,0,899.3036118,0.033293181,1
50.92412749,80.75320944,636.3583454,882.9083292,78.48025696,0,888.8618193,0.03135911,1
48.33191426,74.86454198,596.7275924,905.0147376,84.07356289,1,906.5496367,0.019069632,1
48.18471136,76.51476659,597.1844451,909.6634899,73.97150938,0,905.3334394,0.031178065,1
52.86926463,76.58643189,578.7890172,868.5385223,73.67445065,0,882.7134089,0.0314452,1
49.94596038,77.04208359,550.6137882,897.1088797,87.60429822,0,896.5925855,0.042644906,1
46.6941897,68.95297964,620.6284988,894.5887242,84.61417234,1,912.1678548,0.027986028,1
50.41469863,85.07487867,560.8633404,848.6597439,81.38325015,1,904.3750937,0.028298499,1
48.97722702,79.68695786,608.4541641,894.8946803,73.86305909,0,894.5265332,0.036047294,1
50.55028862,85.87103473,570.2237952,901.4414474,75.86425071,0,908.5410732,0.032113416,1
49.22771797,79.47460245,625.9499468,917.3402644,77.27376582,1,879.6979402,0.033130355,1
52.81177596,82.178796,601.0987413,897.6468891,78.12447449,0,903.8835139,0.028077026,1
44.19976432,77.12593447,604.6074506,915.4387225,72.3426415,1,921.0267858,0.026480457,1
49.96921398,79.8260211,583.3109262,896.6756372,76.88158407,1,899.4208988,0.028208848,1
53.8298804,77.97647138,600.4237304,890.2003386,81.71397377,1,927.8549325,0.036851964,1
50.71694156,75.54592563,618.4644738,905.3255254,71.5631773,0,902.7159863,0.031467818,1
49.82662833,74.20171439,612.5128179,917.5537529,81.37200625,1,923.2520338,0.038480232,1
49.96109496,80.8261464,601.9503157,884.9956389,84.23691849,0,878.3447573,0.030778154,1
47.26419214,82.5657903,595.9196485,906.9520171,79.03817865,0,912.2642119,0.032498668,1
48.1446308,79.7210802,566.7452675,912.7996691,84.45416568,1,907.1883299,0.028499214,1
49.11029469,83.00704813,614.2296761,915.0206587,73.36767606,1,902.9241886,0.01851753,1
51.02405863,74.39095602,587.3645598,916.372054,78.12724932,0,921.9653913,0.029853725,1
49.9286748,75.65650188,624.0348759,890.9693994,81.71764944,0,892.4186581,0.026417778,1
48.07592726,80.68286854,573.3052968,935.7083657,84.66839283,0,897.4101703,0.030684231,1
49.51884357,76.2509776,578.0742081,870.3310017,87.01819292,0,898.778714,0.027113274,1
52.09703289,80.38269706,629.1641421,910.9868193,75.09407447,1,908.0598521,0.023976547,1
49.68854927,82.87564789,608.3626472,928.604708,68.79112001,1,887.0336489,0.028353255,1
48.58184997,82.77827449,544.3614995,870.5254671,77.9264561,1,893.8321338,0.035418465,1
49.97699124,75.45604512,605.4801119,928.1696541,80.46349505,0,888.0998395,0.032071894,1
49.93264089,79.35601726,615.4294638,884.7663896,77.74194296,0,891.2681753,0.026302838,1
55.38455206,92.51708098,586.1598635,884.8394027,82.8450035,1,902.3406384,0.028589004,1
48.56094107,82.89682501,619.6176575,919.271244,76.63992488,0,912.5837148,0.033726705,1
51.18193067,86.32416814,570.9049253,883.319319,78.36356916,0,882.8499485,0.033091354,1
53.07517533,85.52871835,662.8777697,898.8488047,76.91250291,1,888.8615511,0.027716523,1
47.93011291,76.57047677,590.0210062,910.4367414,86.09168221,1,896.8580537,0.032136011,1
48.13431286,83.84085155,657.788296,876.5790902,75.86010954,0,897.6682401,0.030961563,1
50.42967987,76.87579383,600.6960113,909.2893753,85.13784663,0,898.8667279,0.030029749,1
48.53433174,82.70478483,699.0293704,873.2337102,80.93623393,1,900.9768621,0.029606412,1
49.00283921,86.16368872,592.4583263,902.8678977,76.78095566,0,890.6028676,0.030427674,1
